dataset,clip_id,split,class_name,label,num_frames
ucf_crime,Normal_Videos001_x264,Train,NormalVideos,0,55
ucf_crime,Shoplifting018_x264,Train,Shoplifting,1,214
ucf_crime,Shoplifting021_x264,Test,Shoplifting,1,356
ucf_crime,Normal_Videos796_x264,Train,NormalVideos,0,1675
ucf_crime,Normal_Videos456_x264,Train,NormalVideos,0,395
ucf_crime,Normal_Videos086_x264,Train,NormalVideos,0,340
ucf_crime,Shoplifting052_x264,Train,Shoplifting,1,765
ucf_crime,Shoplifting007_x264,Test,Shoplifting,1,513
ucf_crime,Normal_Videos699_x264,Train,NormalVideos,0,174
ucf_crime,Normal_Videos430_x264,Train,NormalVideos,0,80
ucf_crime,Normal_Videos226_x264,Train,NormalVideos,0,1454
ucf_crime,Normal_Videos760_x264,Train,NormalVideos,0,182
ucf_crime,Normal_Videos_251_x264,Test,NormalVideos,0,41
ucf_crime,Abuse001_x264,Train,Abuse,1,273
ucf_crime,Stealing113_x264,Train,Stealing,1,158
ucf_crime,Normal_Videos140_x264,Train,NormalVideos,0,180
ucf_crime,Robbery068_x264,Train,Robbery,1,40
ucf_crime,Assault018_x264,Train,Assault,1,37
ucf_crime,Normal_Videos720_x264,Train,NormalVideos,0,931
ucf_crime,Assault012_x264,Train,Assault,1,79
ucf_crime,Normal_Videos855_x264,Train,NormalVideos,0,1804
ucf_crime,Normal_Videos163_x264,Train,NormalVideos,0,331
ucf_crime,Normal_Videos437_x264,Train,NormalVideos,0,290
ucf_crime,Shooting004_x264,Test,Shooting,1,180
ucf_crime,Assault001_x264,Train,Assault,1,249
ucf_crime,Explosion021_x264,Test,Explosion,1,79
ucf_crime,Normal_Videos564_x264,Train,NormalVideos,0,1528
ucf_crime,Arrest013_x264,Train,Arrest,1,112
ucf_crime,Normal_Videos_452_x264,Test,NormalVideos,0,45
ucf_crime,Robbery130_x264,Train,Robbery,1,184
ucf_crime,Normal_Videos469_x264,Train,NormalVideos,0,670
ucf_crime,Robbery134_x264,Train,Robbery,1,63
ucf_crime,Stealing066_x264,Train,Stealing,1,128
ucf_crime,Burglary087_x264,Train,Burglary,1,222
ucf_crime,Normal_Videos_798_x264,Test,NormalVideos,0,601
ucf_crime,Burglary018_x264,Test,Burglary,1,113
ucf_crime,Normal_Videos498_x264,Train,NormalVideos,0,641
ucf_crime,Normal_Videos_781_x264,Test,NormalVideos,0,398
ucf_crime,Burglary026_x264,Train,Burglary,1,154
ucf_crime,Shooting007_x264,Test,Shooting,1,143
ucf_crime,Shoplifting033_x264,Test,Shoplifting,1,90
ucf_crime,Normal_Videos072_x264,Train,NormalVideos,0,96
ucf_crime,Robbery023_x264,Train,Robbery,1,112
ucf_crime,Stealing029_x264,Train,Stealing,1,41
ucf_crime,Explosion015_x264,Train,Explosion,1,88
ucf_crime,Arrest019_x264,Train,Arrest,1,140
ucf_crime,Shooting051_x264,Train,Shooting,1,140
ucf_crime,Burglary099_x264,Train,Burglary,1,134
ucf_crime,Stealing054_x264,Train,Stealing,1,267
ucf_crime,Normal_Videos_453_x264,Test,NormalVideos,0,533
ucf_crime,Normal_Videos029_x264,Train,NormalVideos,0,87
ucf_crime,Normal_Videos259_x264,Train,NormalVideos,0,215
ucf_crime,Stealing103_x264,Train,Stealing,1,608
ucf_crime,Normal_Videos_360_x264,Test,NormalVideos,0,99
ucf_crime,Normal_Videos536_x264,Train,NormalVideos,0,1394
ucf_crime,Normal_Videos154_x264,Train,NormalVideos,0,75
ucf_crime,RoadAccidents017_x264,Test,RoadAccidents,1,25
ucf_crime,Stealing003_x264,Train,Stealing,1,358
ucf_crime,Robbery049_x264,Train,Robbery,1,198
ucf_crime,Robbery136_x264,Train,Robbery,1,111
ucf_crime,Normal_Videos613_x264,Train,NormalVideos,0,594
ucf_crime,Normal_Videos459_x264,Train,NormalVideos,0,744
ucf_crime,Normal_Videos221_x264,Train,NormalVideos,0,223
ucf_crime,Normal_Videos646_x264,Train,NormalVideos,0,433
ucf_crime,Arrest009_x264,Train,Arrest,1,172
ucf_crime,Normal_Videos038_x264,Train,NormalVideos,0,298
ucf_crime,Shoplifting054_x264,Train,Shoplifting,1,103
ucf_crime,RoadAccidents061_x264,Train,RoadAccidents,1,67
ucf_crime,Stealing084_x264,Train,Stealing,1,1573
ucf_crime,Robbery120_x264,Train,Robbery,1,96
ucf_crime,Robbery042_x264,Train,Robbery,1,218
ucf_crime,RoadAccidents147_x264,Train,RoadAccidents,1,1061
ucf_crime,Stealing046_x264,Train,Stealing,1,1031
ucf_crime,Normal_Videos843_x264,Train,NormalVideos,0,45
ucf_crime,RoadAccidents076_x264,Train,RoadAccidents,1,239
ucf_crime,Abuse022_x264,Train,Abuse,1,284
ucf_crime,Normal_Videos351_x264,Train,NormalVideos,0,591
ucf_crime,Normal_Videos377_x264,Train,NormalVideos,0,1383
ucf_crime,Normal_Videos615_x264,Train,NormalVideos,0,458
ucf_crime,Normal_Videos384_x264,Train,NormalVideos,0,225
ucf_crime,Burglary096_x264,Train,Burglary,1,663
ucf_crime,Normal_Videos528_x264,Train,NormalVideos,0,121
ucf_crime,Stealing107_x264,Train,Stealing,1,450
ucf_crime,Normal_Videos451_x264,Train,NormalVideos,0,210
ucf_crime,Explosion006_x264,Train,Explosion,1,192
ucf_crime,Stealing037_x264,Train,Stealing,1,475
ucf_crime,Normal_Videos_909_x264,Test,NormalVideos,0,87
ucf_crime,Normal_Videos_576_x264,Test,NormalVideos,0,1128
ucf_crime,Normal_Videos729_x264,Train,NormalVideos,0,165
ucf_crime,Explosion013_x264,Test,Explosion,1,332
ucf_crime,Normal_Videos482_x264,Train,NormalVideos,0,434
ucf_crime,Normal_Videos081_x264,Train,NormalVideos,0,163
ucf_crime,Burglary081_x264,Train,Burglary,1,42
ucf_crime,Robbery090_x264,Train,Robbery,1,672
ucf_crime,Abuse045_x264,Train,Abuse,1,509
ucf_crime,Normal_Videos_877_x264,Test,NormalVideos,0,1003
ucf_crime,Arson021_x264,Train,Arson,1,145
ucf_crime,Normal_Videos767_x264,Train,NormalVideos,0,181
ucf_crime,Normal_Videos_168_x264,Test,NormalVideos,0,174
ucf_crime,Burglary072_x264,Train,Burglary,1,255
ucf_crime,Fighting019_x264,Train,Fighting,1,322
ucf_crime,Normal_Videos583_x264,Train,NormalVideos,0,623
ucf_crime,Normal_Videos_880_x264,Test,NormalVideos,0,1806
ucf_crime,Normal_Videos578_x264,Train,NormalVideos,0,443
ucf_crime,Assault039_x264,Train,Assault,1,30
ucf_crime,Normal_Videos321_x264,Train,NormalVideos,0,46
ucf_crime,Normal_Videos087_x264,Train,NormalVideos,0,8099
ucf_crime,RoadAccidents109_x264,Train,RoadAccidents,1,403
ucf_crime,Normal_Videos466_x264,Train,NormalVideos,0,207
ucf_crime,RoadAccidents024_x264,Train,RoadAccidents,1,595
ucf_crime,Normal_Videos_189_x264,Test,NormalVideos,0,74
ucf_crime,Normal_Videos769_x264,Train,NormalVideos,0,5400
ucf_crime,Shoplifting048_x264,Train,Shoplifting,1,311
ucf_crime,Normal_Videos_203_x264,Test,NormalVideos,0,258
ucf_crime,RoadAccidents071_x264,Train,RoadAccidents,1,64
ucf_crime,Normal_Videos326_x264,Train,NormalVideos,0,148
ucf_crime,Robbery007_x264,Train,Robbery,1,207
ucf_crime,Normal_Videos_345_x264,Test,NormalVideos,0,21
ucf_crime,Normal_Videos157_x264,Train,NormalVideos,0,21
ucf_crime,RoadAccidents110_x264,Train,RoadAccidents,1,46
ucf_crime,Arrest004_x264,Train,Arrest,1,361
ucf_crime,Shooting054_x264,Train,Shooting,1,74
ucf_crime,Normal_Videos624_x264,Train,NormalVideos,0,420
ucf_crime,Arrest035_x264,Train,Arrest,1,619
ucf_crime,Normal_Videos_905_x264,Test,NormalVideos,0,120
ucf_crime,Shooting008_x264,Test,Shooting,1,163
ucf_crime,Normal_Videos604_x264,Train,NormalVideos,0,145
ucf_crime,Explosion018_x264,Train,Explosion,1,154
ucf_crime,Normal_Videos323_x264,Train,NormalVideos,0,6298
ucf_crime,Shoplifting027_x264,Test,Shoplifting,1,188
ucf_crime,Vandalism005_x264,Train,Vandalism,1,163
ucf_crime,Normal_Videos_891_x264,Test,NormalVideos,0,180
ucf_crime,Burglary027_x264,Train,Burglary,1,310
ucf_crime,Normal_Videos788_x264,Train,NormalVideos,0,108
ucf_crime,Normal_Videos408_x264,Train,NormalVideos,0,80
ucf_crime,Normal_Videos461_x264,Train,NormalVideos,0,188
ucf_crime,Shoplifting005_x264,Test,Shoplifting,1,197
ucf_crime,Normal_Videos596_x264,Train,NormalVideos,0,274
ucf_crime,Normal_Videos_907_x264,Test,NormalVideos,0,60
ucf_crime,RoadAccidents144_x264,Train,RoadAccidents,1,87
ucf_crime,Vandalism014_x264,Train,Vandalism,1,43
ucf_crime,Normal_Videos476_x264,Train,NormalVideos,0,465
ucf_crime,Normal_Videos_887_x264,Test,NormalVideos,0,763
ucf_crime,Burglary068_x264,Train,Burglary,1,67
ucf_crime,Assault042_x264,Train,Assault,1,900
ucf_crime,RoadAccidents114_x264,Train,RoadAccidents,1,170
ucf_crime,Normal_Videos660_x264,Train,NormalVideos,0,121
ucf_crime,Normal_Videos543_x264,Train,NormalVideos,0,3210
ucf_crime,Abuse050_x264,Train,Abuse,1,487
ucf_crime,Shoplifting001_x264,Test,Shoplifting,1,435
ucf_crime,Shooting022_x264,Test,Shooting,1,456
ucf_crime,Normal_Videos084_x264,Train,NormalVideos,0,2746
ucf_crime,Normal_Videos354_x264,Train,NormalVideos,0,180
ucf_crime,Normal_Videos_048_x264,Test,NormalVideos,0,165
ucf_crime,Normal_Videos250_x264,Train,NormalVideos,0,360
ucf_crime,Normal_Videos371_x264,Train,NormalVideos,0,3693
ucf_crime,Robbery009_x264,Train,Robbery,1,321
ucf_crime,Normal_Videos281_x264,Train,NormalVideos,0,35
ucf_crime,Normal_Videos420_x264,Train,NormalVideos,0,1092
ucf_crime,Assault003_x264,Train,Assault,1,445
ucf_crime,Shooting038_x264,Train,Shooting,1,130
ucf_crime,Shooting020_x264,Train,Shooting,1,510
ucf_crime,Robbery051_x264,Train,Robbery,1,160
ucf_crime,Robbery010_x264,Train,Robbery,1,307
ucf_crime,Shoplifting030_x264,Train,Shoplifting,1,2420
ucf_crime,Normal_Videos734_x264,Train,NormalVideos,0,118
ucf_crime,Normal_Videos314_x264,Train,NormalVideos,0,114
ucf_crime,Assault049_x264,Train,Assault,1,133
ucf_crime,Arson030_x264,Train,Arson,1,506
ucf_crime,Arrest032_x264,Train,Arrest,1,169
ucf_crime,Robbery141_x264,Train,Robbery,1,399
ucf_crime,Normal_Videos022_x264,Train,NormalVideos,0,39
ucf_crime,Normal_Videos485_x264,Train,NormalVideos,0,114
ucf_crime,Assault020_x264,Train,Assault,1,48
ucf_crime,Fighting029_x264,Train,Fighting,1,438
ucf_crime,Normal_Videos527_x264,Train,NormalVideos,0,118
ucf_crime,RoadAccidents067_x264,Train,RoadAccidents,1,121
ucf_crime,Normal_Videos428_x264,Train,NormalVideos,0,86
ucf_crime,Normal_Videos_686_x264,Test,NormalVideos,0,241
ucf_crime,Robbery026_x264,Train,Robbery,1,1312
ucf_crime,Normal_Videos488_x264,Train,NormalVideos,0,116
ucf_crime,Assault035_x264,Train,Assault,1,90
ucf_crime,RoadAccidents005_x264,Train,RoadAccidents,1,23
ucf_crime,Robbery016_x264,Train,Robbery,1,166
ucf_crime,Robbery148_x264,Train,Robbery,1,362
ucf_crime,Normal_Videos362_x264,Train,NormalVideos,0,70
ucf_crime,Normal_Videos595_x264,Train,NormalVideos,0,267
ucf_crime,Shooting021_x264,Test,Shooting,1,128
ucf_crime,Normal_Videos726_x264,Train,NormalVideos,0,172
ucf_crime,Normal_Videos240_x264,Train,NormalVideos,0,418
ucf_crime,Normal_Videos036_x264,Train,NormalVideos,0,133
ucf_crime,Explosion024_x264,Train,Explosion,1,126
ucf_crime,Explosion030_x264,Train,Explosion,1,325
ucf_crime,Assault002_x264,Train,Assault,1,253
ucf_crime,Normal_Videos_059_x264,Test,NormalVideos,0,184
ucf_crime,Shooting003_x264,Train,Shooting,1,228
ucf_crime,Assault051_x264,Train,Assault,1,61
ucf_crime,RoadAccidents077_x264,Train,RoadAccidents,1,168
ucf_crime,Normal_Videos462_x264,Train,NormalVideos,0,345
ucf_crime,Normal_Videos098_x264,Train,NormalVideos,0,336
ucf_crime,Normal_Videos500_x264,Train,NormalVideos,0,38
ucf_crime,Normal_Videos654_x264,Train,NormalVideos,0,258
ucf_crime,RoadAccidents095_x264,Train,RoadAccidents,1,116
ucf_crime,Normal_Videos382_x264,Train,NormalVideos,0,166
ucf_crime,Robbery080_x264,Train,Robbery,1,248
ucf_crime,Fighting018_x264,Test,Fighting,1,139
ucf_crime,Normal_Videos_656_x264,Test,NormalVideos,0,182
ucf_crime,Fighting002_x264,Train,Fighting,1,269
ucf_crime,Robbery085_x264,Train,Robbery,1,188
ucf_crime,Burglary049_x264,Train,Burglary,1,922
ucf_crime,Arrest016_x264,Train,Arrest,1,1059
ucf_crime,Arrest027_x264,Train,Arrest,1,171
ucf_crime,Normal_Videos092_x264,Train,NormalVideos,0,180
ucf_crime,Normal_Videos644_x264,Train,NormalVideos,0,121
ucf_crime,Normal_Videos101_x264,Train,NormalVideos,0,154
ucf_crime,Shoplifting017_x264,Test,Shoplifting,1,46
ucf_crime,Normal_Videos_150_x264,Test,NormalVideos,0,87
ucf_crime,Explosion016_x264,Test,Explosion,1,97
ucf_crime,Shooting019_x264,Test,Shooting,1,276
ucf_crime,Normal_Videos185_x264,Train,NormalVideos,0,920
ucf_crime,Normal_Videos190_x264,Train,NormalVideos,0,363
ucf_crime,RoadAccidents151_x264,Train,RoadAccidents,1,85
ucf_crime,Normal_Videos192_x264,Train,NormalVideos,0,403
ucf_crime,Normal_Videos166_x264,Train,NormalVideos,0,161
ucf_crime,Arson013_x264,Train,Arson,1,638
ucf_crime,Normal_Videos131_x264,Train,NormalVideos,0,190
ucf_crime,Normal_Videos_439_x264,Test,NormalVideos,0,423
ucf_crime,Normal_Videos517_x264,Train,NormalVideos,0,460
ucf_crime,Normal_Videos_365_x264,Test,NormalVideos,0,663
ucf_crime,Stealing073_x264,Train,Stealing,1,153
ucf_crime,Burglary057_x264,Train,Burglary,1,554
ucf_crime,Robbery103_x264,Train,Robbery,1,219
ucf_crime,Normal_Videos049_x264,Train,NormalVideos,0,550
ucf_crime,Normal_Videos311_x264,Train,NormalVideos,0,255
ucf_crime,Normal_Videos_914_x264,Test,NormalVideos,0,88
ucf_crime,Normal_Videos337_x264,Train,NormalVideos,0,39
ucf_crime,Normal_Videos620_x264,Train,NormalVideos,0,897
ucf_crime,Normal_Videos945_x264,Train,NormalVideos,0,360
ucf_crime,Normal_Videos214_x264,Train,NormalVideos,0,1126
ucf_crime,Normal_Videos350_x264,Train,NormalVideos,0,146
ucf_crime,Burglary001_x264,Train,Burglary,1,397
ucf_crime,Vandalism013_x264,Train,Vandalism,1,238
ucf_crime,Normal_Videos083_x264,Train,NormalVideos,0,59
ucf_crime,Normal_Videos746_x264,Train,NormalVideos,0,48
ucf_crime,Robbery082_x264,Train,Robbery,1,158
ucf_crime,Normal_Videos_926_x264,Test,NormalVideos,0,180
ucf_crime,Normal_Videos395_x264,Train,NormalVideos,0,48
ucf_crime,Arson002_x264,Train,Arson,1,444
ucf_crime,RoadAccidents125_x264,Test,RoadAccidents,1,178
ucf_crime,Robbery019_x264,Train,Robbery,1,577
ucf_crime,Normal_Videos697_x264,Train,NormalVideos,0,173
ucf_crime,Normal_Videos496_x264,Train,NormalVideos,0,6459
ucf_crime,Normal_Videos863_x264,Train,NormalVideos,0,182
ucf_crime,Robbery128_x264,Train,Robbery,1,661
ucf_crime,Stealing020_x264,Train,Stealing,1,661
ucf_crime,RoadAccidents057_x264,Train,RoadAccidents,1,209
ucf_crime,Burglary021_x264,Test,Burglary,1,154
ucf_crime,Burglary023_x264,Train,Burglary,1,995
ucf_crime,RoadAccidents020_x264,Test,RoadAccidents,1,178
ucf_crime,Normal_Videos_944_x264,Test,NormalVideos,0,717
ucf_crime,Robbery126_x264,Train,Robbery,1,156
ucf_crime,Normal_Videos249_x264,Train,NormalVideos,0,63
ucf_crime,Vandalism049_x264,Train,Vandalism,1,800
ucf_crime,Shoplifting020_x264,Test,Shoplifting,1,577
ucf_crime,Arrest031_x264,Train,Arrest,1,185
ucf_crime,Abuse018_x264,Train,Abuse,1,243
ucf_crime,Normal_Videos_901_x264,Test,NormalVideos,0,117
ucf_crime,RoadAccidents107_x264,Train,RoadAccidents,1,107
ucf_crime,Normal_Videos230_x264,Train,NormalVideos,0,48
ucf_crime,Burglary008_x264,Train,Burglary,1,492
ucf_crime,Shooting042_x264,Train,Shooting,1,155
ucf_crime,Shooting013_x264,Test,Shooting,1,108
ucf_crime,Robbery086_x264,Train,Robbery,1,721
ucf_crime,Fighting040_x264,Train,Fighting,1,233
ucf_crime,Normal_Videos630_x264,Train,NormalVideos,0,6339
ucf_crime,Burglary058_x264,Train,Burglary,1,1143
ucf_crime,Burglary017_x264,Test,Burglary,1,212
ucf_crime,Abuse031_x264,Train,Abuse,1,445
ucf_crime,Normal_Videos112_x264,Train,NormalVideos,0,82
ucf_crime,Normal_Videos243_x264,Train,NormalVideos,0,183
ucf_crime,Normal_Videos307_x264,Train,NormalVideos,0,62802
ucf_crime,RoadAccidents104_x264,Train,RoadAccidents,1,562
ucf_crime,Normal_Videos602_x264,Train,NormalVideos,0,1151
ucf_crime,Normal_Videos_881_x264,Test,NormalVideos,0,23
ucf_crime,Normal_Videos_019_x264,Test,NormalVideos,0,285
ucf_crime,Normal_Videos918_x264,Train,NormalVideos,0,77
ucf_crime,Normal_Videos334_x264,Train,NormalVideos,0,83
ucf_crime,RoadAccidents080_x264,Train,RoadAccidents,1,130
ucf_crime,Normal_Videos754_x264,Train,NormalVideos,0,163
ucf_crime,Robbery015_x264,Train,Robbery,1,274
ucf_crime,Arrest046_x264,Train,Arrest,1,789
ucf_crime,Shooting012_x264,Train,Shooting,1,189
ucf_crime,Normal_Videos811_x264,Train,NormalVideos,0,272
ucf_crime,Robbery076_x264,Train,Robbery,1,78
ucf_crime,Stealing110_x264,Train,Stealing,1,176
ucf_crime,Normal_Videos349_x264,Train,NormalVideos,0,534
ucf_crime,Burglary003_x264,Train,Burglary,1,118
ucf_crime,Arrest012_x264,Train,Arrest,1,1617
ucf_crime,Shoplifting025_x264,Train,Shoplifting,1,183
ucf_crime,Normal_Videos398_x264,Train,NormalVideos,0,374
ucf_crime,Normal_Videos047_x264,Train,NormalVideos,0,713
ucf_crime,Normal_Videos286_x264,Train,NormalVideos,0,33
ucf_crime,Shoplifting024_x264,Train,Shoplifting,1,121
ucf_crime,Normal_Videos394_x264,Train,NormalVideos,0,183
ucf_crime,Stealing082_x264,Train,Stealing,1,169
ucf_crime,Arrest042_x264,Train,Arrest,1,159
ucf_crime,Explosion011_x264,Test,Explosion,1,158
ucf_crime,Normal_Videos387_x264,Train,NormalVideos,0,76
ucf_crime,Explosion047_x264,Train,Explosion,1,139
ucf_crime,Robbery111_x264,Train,Robbery,1,571
ucf_crime,Stealing059_x264,Train,Stealing,1,224
ucf_crime,Explosion014_x264,Train,Explosion,1,130
ucf_crime,Burglary039_x264,Train,Burglary,1,943
ucf_crime,Fighting043_x264,Train,Fighting,1,315
ucf_crime,Normal_Videos_900_x264,Test,NormalVideos,0,146
ucf_crime,Normal_Videos714_x264,Train,NormalVideos,0,7900
ucf_crime,Normal_Videos282_x264,Train,NormalVideos,0,411
ucf_crime,Normal_Videos223_x264,Train,NormalVideos,0,424
ucf_crime,Normal_Videos432_x264,Train,NormalVideos,0,359
ucf_crime,Explosion004_x264,Test,Explosion,1,191
ucf_crime,Normal_Videos784_x264,Train,NormalVideos,0,99
ucf_crime,Arson047_x264,Train,Arson,1,145
ucf_crime,Shooting014_x264,Train,Shooting,1,641
ucf_crime,Assault036_x264,Train,Assault,1,92
ucf_crime,Arrest047_x264,Train,Arrest,1,6306
ucf_crime,Normal_Videos151_x264,Train,NormalVideos,0,558
ucf_crime,Explosion029_x264,Test,Explosion,1,241
ucf_crime,Arrest050_x264,Train,Arrest,1,712
ucf_crime,Normal_Videos054_x264,Train,NormalVideos,0,198
ucf_crime,Robbery133_x264,Train,Robbery,1,179
ucf_crime,Normal_Videos035_x264,Train,NormalVideos,0,1842
ucf_crime,Stealing061_x264,Train,Stealing,1,241
ucf_crime,Robbery053_x264,Train,Robbery,1,184
ucf_crime,Shooting028_x264,Test,Shooting,1,190
ucf_crime,Normal_Videos585_x264,Train,NormalVideos,0,179
ucf_crime,Normal_Videos353_x264,Train,NormalVideos,0,121
ucf_crime,Normal_Videos088_x264,Train,NormalVideos,0,248
ucf_crime,Shoplifting031_x264,Test,Shoplifting,1,45
ucf_crime,Normal_Videos590_x264,Train,NormalVideos,0,899
ucf_crime,Explosion046_x264,Train,Explosion,1,14190
ucf_crime,Robbery066_x264,Train,Robbery,1,479
ucf_crime,Robbery146_x264,Train,Robbery,1,164
ucf_crime,Abuse005_x264,Train,Abuse,1,95
ucf_crime,Normal_Videos838_x264,Train,NormalVideos,0,369
ucf_crime,Normal_Videos653_x264,Train,NormalVideos,0,88
ucf_crime,Stealing068_x264,Train,Stealing,1,686
ucf_crime,Normal_Videos448_x264,Train,NormalVideos,0,1738
ucf_crime,Normal_Videos718_x264,Train,NormalVideos,0,3173
ucf_crime,Robbery033_x264,Train,Robbery,1,95
ucf_crime,Normal_Videos535_x264,Train,NormalVideos,0,365
ucf_crime,Stealing078_x264,Train,Stealing,1,259
ucf_crime,Normal_Videos785_x264,Train,NormalVideos,0,8099
ucf_crime,Normal_Videos308_x264,Train,NormalVideos,0,97651
ucf_crime,Vandalism044_x264,Train,Vandalism,1,461
ucf_crime,Normal_Videos650_x264,Train,NormalVideos,0,109
ucf_crime,Normal_Videos464_x264,Train,NormalVideos,0,513
ucf_crime,Normal_Videos361_x264,Train,NormalVideos,0,143
ucf_crime,Shoplifting050_x264,Train,Shoplifting,1,251
ucf_crime,Normal_Videos715_x264,Train,NormalVideos,0,107
ucf_crime,Arrest030_x264,Test,Arrest,1,865
ucf_crime,Normal_Videos438_x264,Train,NormalVideos,0,58
ucf_crime,RoadAccidents033_x264,Train,RoadAccidents,1,59
ucf_crime,Normal_Videos431_x264,Train,NormalVideos,0,296
ucf_crime,RoadAccidents075_x264,Train,RoadAccidents,1,33
ucf_crime,Normal_Videos_704_x264,Test,NormalVideos,0,170
ucf_crime,RoadAccidents142_x264,Train,RoadAccidents,1,432
ucf_crime,Normal_Videos206_x264,Train,NormalVideos,0,1074
ucf_crime,RoadAccidents136_x264,Train,RoadAccidents,1,289
ucf_crime,Normal_Videos779_x264,Train,NormalVideos,0,40
ucf_crime,Shooting030_x264,Train,Shooting,1,115
ucf_crime,Normal_Videos381_x264,Train,NormalVideos,0,238
ucf_crime,Abuse038_x264,Train,Abuse,1,90
ucf_crime,Normal_Videos358_x264,Train,NormalVideos,0,194
ucf_crime,RoadAccidents062_x264,Train,RoadAccidents,1,745
ucf_crime,Normal_Videos_722_x264,Test,NormalVideos,0,874
ucf_crime,Assault017_x264,Train,Assault,1,245
ucf_crime,Robbery088_x264,Train,Robbery,1,473
ucf_crime,Normal_Videos_882_x264,Test,NormalVideos,0,166
ucf_crime,Normal_Videos669_x264,Train,NormalVideos,0,122
ucf_crime,Normal_Videos_248_x264,Test,NormalVideos,0,114
ucf_crime,RoadAccidents087_x264,Train,RoadAccidents,1,426
ucf_crime,Assault011_x264,Test,Assault,1,229
ucf_crime,Normal_Videos078_x264,Train,NormalVideos,0,214
ucf_crime,Normal_Videos480_x264,Train,NormalVideos,0,223
ucf_crime,Burglary037_x264,Test,Burglary,1,192
ucf_crime,Normal_Videos_041_x264,Test,NormalVideos,0,127
ucf_crime,Explosion050_x264,Train,Explosion,1,28
ucf_crime,Normal_Videos114_x264,Train,NormalVideos,0,179
ucf_crime,Robbery065_x264,Train,Robbery,1,240
ucf_crime,Normal_Videos288_x264,Train,NormalVideos,0,353
ucf_crime,Robbery020_x264,Train,Robbery,1,441
ucf_crime,RoadAccidents100_x264,Train,RoadAccidents,1,55
ucf_crime,Normal_Videos153_x264,Train,NormalVideos,0,801
ucf_crime,Robbery028_x264,Train,Robbery,1,235
ucf_crime,Stealing035_x264,Train,Stealing,1,1116
ucf_crime,Arson001_x264,Train,Arson,1,419
ucf_crime,Stealing021_x264,Train,Stealing,1,413
ucf_crime,Normal_Videos258_x264,Train,NormalVideos,0,117
ucf_crime,Normal_Videos839_x264,Train,NormalVideos,0,32
ucf_crime,Robbery055_x264,Train,Robbery,1,956
ucf_crime,RoadAccidents078_x264,Train,RoadAccidents,1,671
ucf_crime,Normal_Videos164_x264,Train,NormalVideos,0,1033
ucf_crime,Normal_Videos793_x264,Train,NormalVideos,0,290
ucf_crime,RoadAccidents135_x264,Train,RoadAccidents,1,122
ucf_crime,Normal_Videos180_x264,Train,NormalVideos,0,552
ucf_crime,Vandalism029_x264,Train,Vandalism,1,46
ucf_crime,RoadAccidents022_x264,Test,RoadAccidents,1,72
ucf_crime,Normal_Videos_892_x264,Test,NormalVideos,0,177
ucf_crime,Normal_Videos736_x264,Train,NormalVideos,0,93
ucf_crime,Normal_Videos501_x264,Train,NormalVideos,0,177
ucf_crime,Normal_Videos419_x264,Train,NormalVideos,0,122
ucf_crime,RoadAccidents121_x264,Test,RoadAccidents,1,184
ucf_crime,Normal_Videos922_x264,Train,NormalVideos,0,67
ucf_crime,Vandalism024_x264,Train,Vandalism,1,101
ucf_crime,Fighting034_x264,Train,Fighting,1,627
ucf_crime,Normal_Videos245_x264,Train,NormalVideos,0,1801
ucf_crime,Vandalism047_x264,Train,Vandalism,1,249
ucf_crime,Stealing096_x264,Train,Stealing,1,661
ucf_crime,Stealing093_x264,Train,Stealing,1,123
ucf_crime,Robbery105_x264,Train,Robbery,1,186
ucf_crime,Arrest038_x264,Train,Arrest,1,220
ucf_crime,RoadAccidents118_x264,Train,RoadAccidents,1,97
ucf_crime,Normal_Videos327_x264,Train,NormalVideos,0,166
ucf_crime,Normal_Videos740_x264,Train,NormalVideos,0,92
ucf_crime,Stealing051_x264,Train,Stealing,1,333
ucf_crime,Normal_Videos406_x264,Train,NormalVideos,0,79
ucf_crime,Normal_Videos_879_x264,Test,NormalVideos,0,115
ucf_crime,Normal_Videos366_x264,Train,NormalVideos,0,66
ucf_crime,Normal_Videos665_x264,Train,NormalVideos,0,1168
ucf_crime,Arson014_x264,Train,Arson,1,264
ucf_crime,Normal_Videos511_x264,Train,NormalVideos,0,2702
ucf_crime,Normal_Videos_606_x264,Test,NormalVideos,0,124
ucf_crime,Fighting031_x264,Train,Fighting,1,901
ucf_crime,Abuse028_x264,Test,Abuse,1,142
ucf_crime,Normal_Videos712_x264,Train,NormalVideos,0,358
ucf_crime,Explosion020_x264,Test,Explosion,1,130
ucf_crime,Normal_Videos_224_x264,Test,NormalVideos,0,696
ucf_crime,Normal_Videos601_x264,Train,NormalVideos,0,248
ucf_crime,Normal_Videos_401_x264,Test,NormalVideos,0,163
ucf_crime,Shooting031_x264,Train,Shooting,1,212
ucf_crime,Burglary079_x264,Test,Burglary,1,1486
ucf_crime,Normal_Videos207_x264,Train,NormalVideos,0,261
ucf_crime,Normal_Videos262_x264,Train,NormalVideos,0,718
ucf_crime,Normal_Videos477_x264,Train,NormalVideos,0,202
ucf_crime,Vandalism026_x264,Train,Vandalism,1,97
ucf_crime,Burglary028_x264,Train,Burglary,1,96
ucf_crime,Explosion003_x264,Train,Explosion,1,58
ucf_crime,RoadAccidents069_x264,Train,RoadAccidents,1,33
ucf_crime,Normal_Videos089_x264,Train,NormalVideos,0,1966
ucf_crime,Normal_Videos060_x264,Train,NormalVideos,0,308
ucf_crime,Robbery074_x264,Train,Robbery,1,79
ucf_crime,Normal_Videos121_x264,Train,NormalVideos,0,116
ucf_crime,Normal_Videos950_x264,Train,NormalVideos,0,242
ucf_crime,Normal_Videos835_x264,Train,NormalVideos,0,257
ucf_crime,Normal_Videos436_x264,Train,NormalVideos,0,211
ucf_crime,Normal_Videos632_x264,Train,NormalVideos,0,1202
ucf_crime,RoadAccidents053_x264,Train,RoadAccidents,1,69
ucf_crime,Stealing095_x264,Train,Stealing,1,76
ucf_crime,Normal_Videos836_x264,Train,NormalVideos,0,3374
ucf_crime,Shooting005_x264,Train,Shooting,1,533
ucf_crime,Normal_Videos842_x264,Train,NormalVideos,0,92
ucf_crime,Robbery067_x264,Train,Robbery,1,400
ucf_crime,Stealing044_x264,Train,Stealing,1,321
ucf_crime,Normal_Videos797_x264,Train,NormalVideos,0,281
ucf_crime,Normal_Videos490_x264,Train,NormalVideos,0,821
ucf_crime,Normal_Videos558_x264,Train,NormalVideos,0,164
ucf_crime,Normal_Videos418_x264,Train,NormalVideos,0,169
ucf_crime,Normal_Videos841_x264,Train,NormalVideos,0,33
ucf_crime,Shoplifting028_x264,Test,Shoplifting,1,136
ucf_crime,Explosion001_x264,Train,Explosion,1,64
ucf_crime,Normal_Videos127_x264,Train,NormalVideos,0,179
ucf_crime,Robbery112_x264,Train,Robbery,1,138
ucf_crime,Normal_Videos521_x264,Train,NormalVideos,0,5084
ucf_crime,Arson026_x264,Train,Arson,1,590
ucf_crime,Normal_Videos553_x264,Train,NormalVideos,0,1213
ucf_crime,Normal_Videos948_x264,Train,NormalVideos,0,360
ucf_crime,Stealing031_x264,Train,Stealing,1,109
ucf_crime,Explosion043_x264,Test,Explosion,1,765
ucf_crime,Stealing077_x264,Train,Stealing,1,1919
ucf_crime,RoadAccidents115_x264,Train,RoadAccidents,1,196
ucf_crime,Normal_Videos503_x264,Train,NormalVideos,0,92
ucf_crime,Normal_Videos276_x264,Train,NormalVideos,0,417
ucf_crime,Normal_Videos761_x264,Train,NormalVideos,0,324
ucf_crime,Normal_Videos031_x264,Train,NormalVideos,0,334
ucf_crime,Normal_Videos202_x264,Train,NormalVideos,0,250
ucf_crime,Normal_Videos730_x264,Train,NormalVideos,0,73
ucf_crime,Normal_Videos483_x264,Train,NormalVideos,0,426
ucf_crime,Normal_Videos834_x264,Train,NormalVideos,0,315
ucf_crime,Shoplifting012_x264,Train,Shoplifting,1,2344
ucf_crime,Normal_Videos667_x264,Train,NormalVideos,0,141
ucf_crime,Explosion028_x264,Test,Explosion,1,171
ucf_crime,Shooting006_x264,Train,Shooting,1,1308
ucf_crime,Shoplifting053_x264,Train,Shoplifting,1,210
ucf_crime,Normal_Videos840_x264,Train,NormalVideos,0,49
ucf_crime,Normal_Videos208_x264,Train,NormalVideos,0,225
ucf_crime,Normal_Videos_063_x264,Test,NormalVideos,0,36
ucf_crime,Normal_Videos188_x264,Train,NormalVideos,0,899
ucf_crime,Normal_Videos122_x264,Train,NormalVideos,0,190
ucf_crime,Robbery145_x264,Train,Robbery,1,135
ucf_crime,Normal_Videos_875_x264,Test,NormalVideos,0,257
ucf_crime,Normal_Videos504_x264,Train,NormalVideos,0,55
ucf_crime,Normal_Videos291_x264,Train,NormalVideos,0,45
ucf_crime,Abuse043_x264,Train,Abuse,1,387
ucf_crime,RoadAccidents039_x264,Train,RoadAccidents,1,38
ucf_crime,Normal_Videos229_x264,Train,NormalVideos,0,183
ucf_crime,RoadAccidents141_x264,Train,RoadAccidents,1,263
ucf_crime,Robbery091_x264,Train,Robbery,1,191
ucf_crime,Stealing025_x264,Train,Stealing,1,2182
ucf_crime,Normal_Videos040_x264,Train,NormalVideos,0,96
ucf_crime,Normal_Videos028_x264,Train,NormalVideos,0,963
ucf_crime,Fighting010_x264,Train,Fighting,1,587
ucf_crime,Stealing106_x264,Train,Stealing,1,144
ucf_crime,Vandalism019_x264,Train,Vandalism,1,205
ucf_crime,Normal_Videos548_x264,Train,NormalVideos,0,8423
ucf_crime,Explosion027_x264,Test,Explosion,1,78
ucf_crime,Vandalism007_x264,Test,Vandalism,1,115
ucf_crime,Normal_Videos113_x264,Train,NormalVideos,0,70
ucf_crime,Normal_Videos819_x264,Train,NormalVideos,0,6213
ucf_crime,Normal_Videos099_x264,Train,NormalVideos,0,208
ucf_crime,Normal_Videos812_x264,Train,NormalVideos,0,272
ucf_crime,Normal_Videos012_x264,Train,NormalVideos,0,234
ucf_crime,Explosion040_x264,Train,Explosion,1,458
ucf_crime,Normal_Videos244_x264,Train,NormalVideos,0,276
ucf_crime,Normal_Videos342_x264,Train,NormalVideos,0,417
ucf_crime,Normal_Videos392_x264,Train,NormalVideos,0,185
ucf_crime,Explosion042_x264,Train,Explosion,1,277
ucf_crime,Normal_Videos017_x264,Train,NormalVideos,0,86
ucf_crime,Normal_Videos_884_x264,Test,NormalVideos,0,903
ucf_crime,Normal_Videos119_x264,Train,NormalVideos,0,387
ucf_crime,RoadAccidents026_x264,Train,RoadAccidents,1,79
ucf_crime,Robbery093_x264,Train,Robbery,1,117
ucf_crime,RoadAccidents008_x264,Train,RoadAccidents,1,133
ucf_crime,Normal_Videos_896_x264,Test,NormalVideos,0,231
ucf_crime,Robbery110_x264,Train,Robbery,1,255
ucf_crime,Robbery058_x264,Train,Robbery,1,176
ucf_crime,Shooting001_x264,Train,Shooting,1,26
ucf_crime,Shooting048_x264,Test,Shooting,1,275
ucf_crime,Normal_Videos735_x264,Train,NormalVideos,0,114
ucf_crime,Normal_Videos442_x264,Train,NormalVideos,0,180
ucf_crime,Normal_Videos_050_x264,Test,NormalVideos,0,420
ucf_crime,Stealing109_x264,Train,Stealing,1,946
ucf_crime,Robbery064_x264,Train,Robbery,1,142
ucf_crime,Normal_Videos396_x264,Train,NormalVideos,0,7986
ucf_crime,Robbery005_x264,Train,Robbery,1,276
ucf_crime,Stealing070_x264,Train,Stealing,1,135
ucf_crime,Normal_Videos_894_x264,Test,NormalVideos,0,258
ucf_crime,Normal_Videos_873_x264,Test,NormalVideos,0,180
ucf_crime,Arson023_x264,Train,Arson,1,136
ucf_crime,Normal_Videos753_x264,Train,NormalVideos,0,89
ucf_crime,Vandalism041_x264,Train,Vandalism,1,487
ucf_crime,Normal_Videos026_x264,Train,NormalVideos,0,274
ucf_crime,Robbery071_x264,Train,Robbery,1,157
ucf_crime,Normal_Videos622_x264,Train,NormalVideos,0,256
ucf_crime,Normal_Videos_878_x264,Test,NormalVideos,0,27
ucf_crime,Normal_Videos751_x264,Train,NormalVideos,0,90
ucf_crime,RoadAccidents052_x264,Train,RoadAccidents,1,37
ucf_crime,Normal_Videos610_x264,Train,NormalVideos,0,85
ucf_crime,Robbery024_x264,Train,Robbery,1,240
ucf_crime,Normal_Videos209_x264,Train,NormalVideos,0,64
ucf_crime,Normal_Videos563_x264,Train,NormalVideos,0,8241
ucf_crime,Normal_Videos194_x264,Train,NormalVideos,0,415
ucf_crime,Normal_Videos403_x264,Train,NormalVideos,0,42
ucf_crime,Assault024_x264,Train,Assault,1,45
ucf_crime,Robbery031_x264,Train,Robbery,1,111
ucf_crime,Fighting038_x264,Train,Fighting,1,81
ucf_crime,Abuse044_x264,Train,Abuse,1,394
ucf_crime,Normal_Videos693_x264,Train,NormalVideos,0,71
ucf_crime,Normal_Videos145_x264,Train,NormalVideos,0,451
ucf_crime,Normal_Videos199_x264,Train,NormalVideos,0,704
ucf_crime,RoadAccidents043_x264,Train,RoadAccidents,1,19
ucf_crime,Robbery022_x264,Train,Robbery,1,352
ucf_crime,Normal_Videos541_x264,Train,NormalVideos,0,9480
ucf_crime,Normal_Videos257_x264,Train,NormalVideos,0,141
ucf_crime,Normal_Videos235_x264,Train,NormalVideos,0,225
ucf_crime,Explosion051_x264,Train,Explosion,1,282
ucf_crime,RoadAccidents040_x264,Train,RoadAccidents,1,195
ucf_crime,Abuse019_x264,Train,Abuse,1,395
ucf_crime,Normal_Videos_010_x264,Test,NormalVideos,0,106
ucf_crime,Normal_Videos423_x264,Train,NormalVideos,0,554
ucf_crime,Assault025_x264,Train,Assault,1,116
ucf_crime,Explosion045_x264,Train,Explosion,1,76
ucf_crime,RoadAccidents007_x264,Train,RoadAccidents,1,111
ucf_crime,Normal_Videos094_x264,Train,NormalVideos,0,174
ucf_crime,Normal_Videos187_x264,Train,NormalVideos,0,900
ucf_crime,Shoplifting047_x264,Train,Shoplifting,1,238
ucf_crime,Abuse007_x264,Train,Abuse,1,115
ucf_crime,Normal_Videos137_x264,Train,NormalVideos,0,10691
ucf_crime,Normal_Videos516_x264,Train,NormalVideos,0,476
ucf_crime,Normal_Videos266_x264,Train,NormalVideos,0,2329
ucf_crime,Normal_Videos688_x264,Train,NormalVideos,0,7849
ucf_crime,Normal_Videos300_x264,Train,NormalVideos,0,149
ucf_crime,Robbery043_x264,Train,Robbery,1,104
ucf_crime,Shoplifting043_x264,Train,Shoplifting,1,952
ucf_crime,Burglary084_x264,Train,Burglary,1,452
ucf_crime,Vandalism042_x264,Train,Vandalism,1,360
ucf_crime,RoadAccidents081_x264,Train,RoadAccidents,1,109
ucf_crime,Stealing008_x264,Train,Stealing,1,501
ucf_crime,Normal_Videos600_x264,Train,NormalVideos,0,211
ucf_crime,Normal_Videos043_x264,Train,NormalVideos,0,174
ucf_crime,Arson051_x264,Train,Arson,1,106
ucf_crime,Normal_Videos155_x264,Train,NormalVideos,0,21
ucf_crime,Arson012_x264,Train,Arson,1,90
ucf_crime,Normal_Videos225_x264,Train,NormalVideos,0,1995
ucf_crime,Normal_Videos298_x264,Train,NormalVideos,0,334
ucf_crime,Normal_Videos284_x264,Train,NormalVideos,0,216
ucf_crime,Stealing112_x264,Train,Stealing,1,211
ucf_crime,Normal_Videos683_x264,Train,NormalVideos,0,2343
ucf_crime,Explosion002_x264,Test,Explosion,1,402
ucf_crime,Normal_Videos802_x264,Train,NormalVideos,0,272
ucf_crime,Normal_Videos138_x264,Train,NormalVideos,0,12817
ucf_crime,Normal_Videos009_x264,Train,NormalVideos,0,74
ucf_crime,Normal_Videos435_x264,Train,NormalVideos,0,115
ucf_crime,Arson005_x264,Train,Arson,1,118
ucf_crime,Normal_Videos_725_x264,Test,NormalVideos,0,92
ucf_crime,Arson035_x264,Test,Arson,1,144
ucf_crime,Shoplifting038_x264,Train,Shoplifting,1,291
ucf_crime,Shooting041_x264,Train,Shooting,1,140
ucf_crime,Assault032_x264,Train,Assault,1,58
ucf_crime,Normal_Videos339_x264,Train,NormalVideos,0,900
ucf_crime,Robbery027_x264,Train,Robbery,1,540
ucf_crime,Assault026_x264,Train,Assault,1,85
ucf_crime,Abuse002_x264,Train,Abuse,1,87
ucf_crime,Normal_Videos668_x264,Train,NormalVideos,0,281
ucf_crime,Normal_Videos270_x264,Train,NormalVideos,0,212
ucf_crime,Normal_Videos322_x264,Train,NormalVideos,0,222
ucf_crime,Normal_Videos559_x264,Train,NormalVideos,0,1983
ucf_crime,RoadAccidents031_x264,Train,RoadAccidents,1,219
ucf_crime,Burglary059_x264,Train,Burglary,1,45
ucf_crime,Stealing009_x264,Train,Stealing,1,162
ucf_crime,Normal_Videos_702_x264,Test,NormalVideos,0,253
ucf_crime,Normal_Videos_883_x264,Test,NormalVideos,0,33
ucf_crime,Normal_Videos492_x264,Train,NormalVideos,0,4971
ucf_crime,Fighting015_x264,Train,Fighting,1,993
ucf_crime,Normal_Videos721_x264,Train,NormalVideos,0,183
ucf_crime,RoadAccidents103_x264,Train,RoadAccidents,1,126
ucf_crime,Vandalism025_x264,Train,Vandalism,1,431
ucf_crime,Normal_Videos160_x264,Train,NormalVideos,0,360
ucf_crime,Normal_Videos_925_x264,Test,NormalVideos,0,773
ucf_crime,Vandalism040_x264,Train,Vandalism,1,104
ucf_crime,Robbery062_x264,Train,Robbery,1,361
ucf_crime,Robbery075_x264,Train,Robbery,1,293
ucf_crime,Burglary019_x264,Train,Burglary,1,290
ucf_crime,Normal_Videos916_x264,Train,NormalVideos,0,26
ucf_crime,Normal_Videos107_x264,Train,NormalVideos,0,361
ucf_crime,Normal_Videos495_x264,Train,NormalVideos,0,53
ucf_crime,Shooting027_x264,Train,Shooting,1,71
ucf_crime,Normal_Videos_933_x264,Test,NormalVideos,0,178
ucf_crime,Burglary040_x264,Train,Burglary,1,571
ucf_crime,Robbery132_x264,Train,Robbery,1,67
ucf_crime,Normal_Videos304_x264,Train,NormalVideos,0,289
ucf_crime,Robbery025_x264,Train,Robbery,1,147
ucf_crime,Robbery045_x264,Train,Robbery,1,334
ucf_crime,Normal_Videos_597_x264,Test,NormalVideos,0,223
ucf_crime,RoadAccidents021_x264,Test,RoadAccidents,1,16
ucf_crime,Normal_Videos020_x264,Train,NormalVideos,0,49
ucf_crime,RoadAccidents028_x264,Train,RoadAccidents,1,60
ucf_crime,RoadAccidents002_x264,Test,RoadAccidents,1,35
ucf_crime,Robbery115_x264,Train,Robbery,1,184
ucf_crime,Normal_Videos117_x264,Train,NormalVideos,0,118
ucf_crime,Robbery087_x264,Train,Robbery,1,101
ucf_crime,Robbery143_x264,Train,Robbery,1,94
ucf_crime,Burglary048_x264,Train,Burglary,1,165
ucf_crime,Normal_Videos770_x264,Train,NormalVideos,0,60
ucf_crime,Normal_Videos222_x264,Train,NormalVideos,0,95
ucf_crime,Normal_Videos324_x264,Train,NormalVideos,0,264
ucf_crime,Normal_Videos_902_x264,Test,NormalVideos,0,139
ucf_crime,Normal_Videos299_x264,Train,NormalVideos,0,142
ucf_crime,Normal_Videos_175_x264,Test,NormalVideos,0,885
ucf_crime,Normal_Videos530_x264,Train,NormalVideos,0,10797
ucf_crime,Normal_Videos055_x264,Train,NormalVideos,0,26
ucf_crime,Normal_Videos474_x264,Train,NormalVideos,0,570
ucf_crime,Burglary085_x264,Train,Burglary,1,288
ucf_crime,RoadAccidents092_x264,Train,RoadAccidents,1,170
ucf_crime,Normal_Videos567_x264,Train,NormalVideos,0,546
ucf_crime,Arrest020_x264,Train,Arrest,1,295
ucf_crime,Normal_Videos162_x264,Train,NormalVideos,0,117
ucf_crime,Vandalism004_x264,Train,Vandalism,1,282
ucf_crime,Arson036_x264,Train,Arson,1,170
ucf_crime,Normal_Videos508_x264,Train,NormalVideos,0,143
ucf_crime,Normal_Videos158_x264,Train,NormalVideos,0,55
ucf_crime,Robbery050_x264,Test,Robbery,1,171
ucf_crime,Arrest001_x264,Test,Arrest,1,238
ucf_crime,Normal_Videos074_x264,Train,NormalVideos,0,204
ucf_crime,RoadAccidents134_x264,Train,RoadAccidents,1,28
ucf_crime,Normal_Videos205_x264,Train,NormalVideos,0,785
ucf_crime,Normal_Videos518_x264,Train,NormalVideos,0,219
ucf_crime,Normal_Videos275_x264,Train,NormalVideos,0,230
ucf_crime,Normal_Videos520_x264,Train,NormalVideos,0,5084
ucf_crime,Normal_Videos629_x264,Train,NormalVideos,0,449
ucf_crime,Normal_Videos111_x264,Train,NormalVideos,0,2038
ucf_crime,Normal_Videos197_x264,Train,NormalVideos,0,247
ucf_crime,Normal_Videos678_x264,Train,NormalVideos,0,221
ucf_crime,Abuse021_x264,Train,Abuse,1,192
ucf_crime,Normal_Videos659_x264,Train,NormalVideos,0,52
ucf_crime,Normal_Videos061_x264,Train,NormalVideos,0,1770
ucf_crime,Stealing105_x264,Train,Stealing,1,112
ucf_crime,Burglary086_x264,Train,Burglary,1,325
ucf_crime,Normal_Videos700_x264,Train,NormalVideos,0,670
ucf_crime,Robbery032_x264,Train,Robbery,1,540
ucf_crime,Shooting043_x264,Test,Shooting,1,188
ucf_crime,Normal_Videos670_x264,Train,NormalVideos,0,419
ucf_crime,Robbery101_x264,Train,Robbery,1,335
ucf_crime,Normal_Videos005_x264,Train,NormalVideos,0,39
ucf_crime,Burglary062_x264,Train,Burglary,1,1126
ucf_crime,Burglary016_x264,Train,Burglary,1,526
ucf_crime,Arson010_x264,Test,Arson,1,316
ucf_crime,Stealing108_x264,Train,Stealing,1,397
ucf_crime,Normal_Videos390_x264,Train,NormalVideos,0,50
ucf_crime,Assault050_x264,Train,Assault,1,63
ucf_crime,Normal_Videos592_x264,Train,NormalVideos,0,258
ucf_crime,Normal_Videos023_x264,Train,NormalVideos,0,177
ucf_crime,Robbery018_x264,Train,Robbery,1,288
ucf_crime,RoadAccidents073_x264,Train,RoadAccidents,1,57
ucf_crime,RoadAccidents143_x264,Train,RoadAccidents,1,89
ucf_crime,Fighting012_x264,Train,Fighting,1,117
ucf_crime,Normal_Videos523_x264,Train,NormalVideos,0,43
ucf_crime,Robbery037_x264,Train,Robbery,1,873
ucf_crime,Normal_Videos386_x264,Train,NormalVideos,0,460
ucf_crime,Normal_Videos065_x264,Train,NormalVideos,0,87
ucf_crime,Normal_Videos_890_x264,Test,NormalVideos,0,358
ucf_crime,Normal_Videos566_x264,Train,NormalVideos,0,2700
ucf_crime,Normal_Videos069_x264,Train,NormalVideos,0,93
ucf_crime,Normal_Videos822_x264,Train,NormalVideos,0,188
ucf_crime,Normal_Videos139_x264,Train,NormalVideos,0,2520
ucf_crime,Normal_Videos174_x264,Train,NormalVideos,0,93
ucf_crime,Shoplifting049_x264,Test,Shoplifting,1,215
ucf_crime,Robbery081_x264,Train,Robbery,1,550
ucf_crime,Normal_Videos_067_x264,Test,NormalVideos,0,107
ucf_crime,Vandalism001_x264,Train,Vandalism,1,144
ucf_crime,Normal_Videos682_x264,Train,NormalVideos,0,757
ucf_crime,Normal_Videos346_x264,Train,NormalVideos,0,538
ucf_crime,Stealing057_x264,Train,Stealing,1,302
ucf_crime,Normal_Videos425_x264,Train,NormalVideos,0,19277
ucf_crime,Fighting025_x264,Train,Fighting,1,479
ucf_crime,Normal_Videos118_x264,Train,NormalVideos,0,95
ucf_crime,Normal_Videos672_x264,Train,NormalVideos,0,194
ucf_crime,RoadAccidents088_x264,Train,RoadAccidents,1,143
ucf_crime,Robbery095_x264,Train,Robbery,1,127
ucf_crime,Shoplifting004_x264,Test,Shoplifting,1,668
ucf_crime,Explosion037_x264,Train,Explosion,1,97
ucf_crime,Normal_Videos_906_x264,Test,NormalVideos,0,68
ucf_crime,Normal_Videos806_x264,Train,NormalVideos,0,272
ucf_crime,Stealing069_x264,Train,Stealing,1,81
ucf_crime,Normal_Videos810_x264,Train,NormalVideos,0,272
ucf_crime,RoadAccidents079_x264,Train,RoadAccidents,1,135
ucf_crime,Normal_Videos_885_x264,Test,NormalVideos,0,48
ucf_crime,Normal_Videos786_x264,Train,NormalVideos,0,570
ucf_crime,Normal_Videos_903_x264,Test,NormalVideos,0,79
ucf_crime,Normal_Videos824_x264,Train,NormalVideos,0,137
ucf_crime,Normal_Videos128_x264,Train,NormalVideos,0,191
ucf_crime,Normal_Videos_778_x264,Test,NormalVideos,0,127
ucf_crime,Normal_Videos598_x264,Train,NormalVideos,0,732
ucf_crime,Normal_Videos301_x264,Train,NormalVideos,0,181
ucf_crime,RoadAccidents050_x264,Train,RoadAccidents,1,111
ucf_crime,Normal_Videos260_x264,Train,NormalVideos,0,276
ucf_crime,Normal_Videos571_x264,Train,NormalVideos,0,213
ucf_crime,RoadAccidents059_x264,Train,RoadAccidents,1,190
ucf_crime,Normal_Videos200_x264,Train,NormalVideos,0,371
ucf_crime,Stealing058_x264,Test,Stealing,1,500
ucf_crime,Stealing026_x264,Train,Stealing,1,276
ucf_crime,Normal_Videos447_x264,Train,NormalVideos,0,1346
ucf_crime,Normal_Videos852_x264,Train,NormalVideos,0,277
ucf_crime,Normal_Videos315_x264,Train,NormalVideos,0,154
ucf_crime,Fighting021_x264,Train,Fighting,1,357
ucf_crime,Burglary002_x264,Train,Burglary,1,307
ucf_crime,Arson024_x264,Train,Arson,1,337
ucf_crime,Normal_Videos076_x264,Train,NormalVideos,0,308
ucf_crime,Vandalism003_x264,Train,Vandalism,1,147
ucf_crime,Burglary074_x264,Train,Burglary,1,224
ucf_crime,Assault022_x264,Train,Assault,1,252
ucf_crime,Robbery149_x264,Train,Robbery,1,126
ucf_crime,Normal_Videos_910_x264,Test,NormalVideos,0,57
ucf_crime,Normal_Videos542_x264,Train,NormalVideos,0,634
ucf_crime,Normal_Videos701_x264,Train,NormalVideos,0,4283
ucf_crime,RoadAccidents112_x264,Train,RoadAccidents,1,93
ucf_crime,Normal_Videos261_x264,Train,NormalVideos,0,360
ucf_crime,Normal_Videos283_x264,Train,NormalVideos,0,900
ucf_crime,Explosion044_x264,Train,Explosion,1,72
ucf_crime,Normal_Videos_893_x264,Test,NormalVideos,0,638
ucf_crime,Stealing075_x264,Train,Stealing,1,563
ucf_crime,Normal_Videos264_x264,Train,NormalVideos,0,390
ucf_crime,Normal_Videos765_x264,Train,NormalVideos,0,97
ucf_crime,RoadAccidents019_x264,Test,RoadAccidents,1,132
ucf_crime,Abuse030_x264,Test,Abuse,1,155
ucf_crime,Normal_Videos719_x264,Train,NormalVideos,0,286
ucf_crime,Normal_Videos335_x264,Train,NormalVideos,0,540
ucf_crime,Stealing052_x264,Train,Stealing,1,338
ucf_crime,Normal_Videos254_x264,Train,NormalVideos,0,124
ucf_crime,Robbery021_x264,Train,Robbery,1,823
ucf_crime,Normal_Videos280_x264,Train,NormalVideos,0,256
ucf_crime,Normal_Videos_710_x264,Test,NormalVideos,0,180
ucf_crime,Stealing048_x264,Train,Stealing,1,757
ucf_crime,Normal_Videos109_x264,Train,NormalVideos,0,173
ucf_crime,Arrest033_x264,Train,Arrest,1,775
ucf_crime,RoadAccidents063_x264,Train,RoadAccidents,1,352
ucf_crime,RoadAccidents149_x264,Train,RoadAccidents,1,215
ucf_crime,Robbery035_x264,Train,Robbery,1,467
ucf_crime,Normal_Videos405_x264,Train,NormalVideos,0,107
ucf_crime,Normal_Videos555_x264,Train,NormalVideos,0,85
ucf_crime,Arrest025_x264,Train,Arrest,1,106
ucf_crime,Normal_Videos_056_x264,Test,NormalVideos,0,158
ucf_crime,Normal_Videos103_x264,Train,NormalVideos,0,75
ucf_crime,Burglary024_x264,Test,Burglary,1,361
ucf_crime,Normal_Videos184_x264,Train,NormalVideos,0,193
ucf_crime,Shooting047_x264,Test,Shooting,1,829
ucf_crime,Robbery036_x264,Train,Robbery,1,618
ucf_crime,Normal_Videos537_x264,Train,NormalVideos,0,408
ucf_crime,Arson038_x264,Train,Arson,1,74
ucf_crime,Normal_Videos849_x264,Train,NormalVideos,0,326
ucf_crime,Assault047_x264,Train,Assault,1,334
ucf_crime,Burglary070_x264,Train,Burglary,1,80
ucf_crime,Robbery057_x264,Train,Robbery,1,215
ucf_crime,Normal_Videos777_x264,Train,NormalVideos,0,717
ucf_crime,Abuse006_x264,Train,Abuse,1,438
ucf_crime,Explosion034_x264,Train,Explosion,1,42
ucf_crime,Robbery109_x264,Train,Robbery,1,303
ucf_crime,Normal_Videos594_x264,Train,NormalVideos,0,182
ucf_crime,Normal_Videos805_x264,Train,NormalVideos,0,273
ucf_crime,RoadAccidents014_x264,Train,RoadAccidents,1,1190
ucf_crime,Normal_Videos106_x264,Train,NormalVideos,0,195
ucf_crime,Vandalism045_x264,Train,Vandalism,1,436
ucf_crime,Vandalism046_x264,Train,Vandalism,1,210
ucf_crime,Normal_Videos443_x264,Train,NormalVideos,0,180
ucf_crime,Normal_Videos319_x264,Train,NormalVideos,0,189
ucf_crime,Burglary036_x264,Train,Burglary,1,101
ucf_crime,Arrest026_x264,Train,Arrest,1,649
ucf_crime,Normal_Videos616_x264,Train,NormalVideos,0,534
ucf_crime,Normal_Videos684_x264,Train,NormalVideos,0,1803
ucf_crime,Normal_Videos108_x264,Train,NormalVideos,0,178
ucf_crime,Assault013_x264,Train,Assault,1,238
ucf_crime,Normal_Videos547_x264,Train,NormalVideos,0,16852
ucf_crime,Assault008_x264,Train,Assault,1,754
ucf_crime,Normal_Videos611_x264,Train,NormalVideos,0,120
ucf_crime,Explosion048_x264,Train,Explosion,1,46
ucf_crime,Normal_Videos587_x264,Train,NormalVideos,0,870
ucf_crime,Shoplifting036_x264,Train,Shoplifting,1,366
ucf_crime,RoadAccidents119_x264,Train,RoadAccidents,1,183
ucf_crime,RoadAccidents129_x264,Train,RoadAccidents,1,26
ucf_crime,Normal_Videos626_x264,Train,NormalVideos,0,900
ucf_crime,Normal_Videos077_x264,Train,NormalVideos,0,281
ucf_crime,Fighting007_x264,Train,Fighting,1,380
ucf_crime,Normal_Videos470_x264,Train,NormalVideos,0,120
ucf_crime,Normal_Videos_006_x264,Test,NormalVideos,0,45
ucf_crime,Normal_Videos614_x264,Train,NormalVideos,0,246
ucf_crime,Normal_Videos639_x264,Train,NormalVideos,0,321
ucf_crime,Robbery114_x264,Train,Robbery,1,208
ucf_crime,Vandalism034_x264,Train,Vandalism,1,176
ucf_crime,Normal_Videos296_x264,Train,NormalVideos,0,61
ucf_crime,Burglary044_x264,Train,Burglary,1,686
ucf_crime,Vandalism035_x264,Train,Vandalism,1,119
ucf_crime,Normal_Videos679_x264,Train,NormalVideos,0,718
ucf_crime,Normal_Videos132_x264,Train,NormalVideos,0,263
ucf_crime,Abuse024_x264,Train,Abuse,1,103
ucf_crime,Normal_Videos241_x264,Train,NormalVideos,0,235
ucf_crime,Normal_Videos389_x264,Train,NormalVideos,0,345
ucf_crime,Assault031_x264,Train,Assault,1,76
ucf_crime,Normal_Videos733_x264,Train,NormalVideos,0,130
ucf_crime,Arrest018_x264,Train,Arrest,1,244
ucf_crime,Normal_Videos_634_x264,Test,NormalVideos,0,1346
ucf_crime,Normal_Videos817_x264,Train,NormalVideos,0,272
ucf_crime,Normal_Videos846_x264,Train,NormalVideos,0,182
ucf_crime,Explosion007_x264,Test,Explosion,1,1629
ucf_crime,Normal_Videos823_x264,Train,NormalVideos,0,137
ucf_crime,Burglary092_x264,Test,Burglary,1,63
ucf_crime,Abuse027_x264,Train,Abuse,1,438
ucf_crime,Robbery029_x264,Train,Robbery,1,219
ucf_crime,Shooting025_x264,Train,Shooting,1,245
ucf_crime,Fighting041_x264,Train,Fighting,1,3165
ucf_crime,Normal_Videos_289_x264,Test,NormalVideos,0,87
ucf_crime,Stealing086_x264,Train,Stealing,1,1815
ucf_crime,Normal_Videos756_x264,Train,NormalVideos,0,63
ucf_crime,Burglary051_x264,Train,Burglary,1,127
ucf_crime,Normal_Videos305_x264,Train,NormalVideos,0,255
ucf_crime,Arson046_x264,Train,Arson,1,208
ucf_crime,Normal_Videos265_x264,Train,NormalVideos,0,133
ucf_crime,Normal_Videos768_x264,Train,NormalVideos,0,101
ucf_crime,Shoplifting009_x264,Train,Shoplifting,1,521
ucf_crime,RoadAccidents006_x264,Train,RoadAccidents,1,170
ucf_crime,Shoplifting016_x264,Test,Shoplifting,1,149
ucf_crime,Normal_Videos673_x264,Train,NormalVideos,0,264
ucf_crime,RoadAccidents023_x264,Train,RoadAccidents,1,351
ucf_crime,Normal_Videos465_x264,Train,NormalVideos,0,298
ucf_crime,RoadAccidents066_x264,Train,RoadAccidents,1,161
ucf_crime,Arson007_x264,Test,Arson,1,626
ucf_crime,Normal_Videos_783_x264,Test,NormalVideos,0,959
ucf_crime,Normal_Videos213_x264,Train,NormalVideos,0,179
ucf_crime,Explosion023_x264,Train,Explosion,1,234
ucf_crime,Normal_Videos460_x264,Train,NormalVideos,0,747
ucf_crime,RoadAccidents058_x264,Train,RoadAccidents,1,68
ucf_crime,Burglary056_x264,Train,Burglary,1,142
ucf_crime,Normal_Videos177_x264,Train,NormalVideos,0,1132
ucf_crime,Normal_Videos116_x264,Train,NormalVideos,0,454
ucf_crime,Assault010_x264,Test,Assault,1,1618
ucf_crime,Normal_Videos851_x264,Train,NormalVideos,0,200
ucf_crime,Arson031_x264,Train,Arson,1,289
ucf_crime,Normal_Videos201_x264,Train,NormalVideos,0,285
ucf_crime,Stealing072_x264,Train,Stealing,1,1162
ucf_crime,RoadAccidents036_x264,Train,RoadAccidents,1,132
ucf_crime,Normal_Videos328_x264,Train,NormalVideos,0,151
ucf_crime,Assault029_x264,Train,Assault,1,61
ucf_crime,Normal_Videos850_x264,Train,NormalVideos,0,217
ucf_crime,Normal_Videos649_x264,Train,NormalVideos,0,90
ucf_crime,RoadAccidents068_x264,Train,RoadAccidents,1,178
ucf_crime,Fighting016_x264,Train,Fighting,1,291
ucf_crime,Stealing091_x264,Train,Stealing,1,60
ucf_crime,Normal_Videos183_x264,Train,NormalVideos,0,168
ucf_crime,Burglary067_x264,Train,Burglary,1,132
ucf_crime,Normal_Videos115_x264,Train,NormalVideos,0,30
ucf_crime,Shoplifting013_x264,Train,Shoplifting,1,203
ucf_crime,Normal_Videos825_x264,Train,NormalVideos,0,162
ucf_crime,RoadAccidents098_x264,Train,RoadAccidents,1,180
ucf_crime,Assault014_x264,Train,Assault,1,191
ucf_crime,Normal_Videos499_x264,Train,NormalVideos,0,233
ucf_crime,Normal_Videos415_x264,Train,NormalVideos,0,2697
ucf_crime,Normal_Videos813_x264,Train,NormalVideos,0,272
ucf_crime,RoadAccidents001_x264,Test,RoadAccidents,1,137
ucf_crime,Normal_Videos302_x264,Train,NormalVideos,0,181
ucf_crime,Arrest028_x264,Train,Arrest,1,250
ucf_crime,Normal_Videos484_x264,Train,NormalVideos,0,3598
ucf_crime,Normal_Videos640_x264,Train,NormalVideos,0,183
ucf_crime,Normal_Videos228_x264,Train,NormalVideos,0,181
ucf_crime,Normal_Videos021_x264,Train,NormalVideos,0,197
ucf_crime,Burglary014_x264,Train,Burglary,1,258
ucf_crime,Robbery107_x264,Train,Robbery,1,169
ucf_crime,RoadAccidents131_x264,Test,RoadAccidents,1,153
ucf_crime,Normal_Videos560_x264,Train,NormalVideos,0,1821
ucf_crime,Stealing104_x264,Train,Stealing,1,316
ucf_crime,Normal_Videos287_x264,Train,NormalVideos,0,182
ucf_crime,Normal_Videos413_x264,Train,NormalVideos,0,243
ucf_crime,Shooting002_x264,Test,Shooting,1,121
ucf_crime,Robbery061_x264,Train,Robbery,1,369
ucf_crime,Robbery008_x264,Train,Robbery,1,226
ucf_crime,Normal_Videos393_x264,Train,NormalVideos,0,292
ucf_crime,Normal_Videos636_x264,Train,NormalVideos,0,127
ucf_crime,Normal_Videos238_x264,Train,NormalVideos,0,302
ucf_crime,RoadAccidents116_x264,Train,RoadAccidents,1,61
ucf_crime,Normal_Videos149_x264,Train,NormalVideos,0,103
ucf_crime,Assault004_x264,Train,Assault,1,323
ucf_crime,Normal_Videos858_x264,Train,NormalVideos,0,122
ucf_crime,Normal_Videos_051_x264,Test,NormalVideos,0,236
ucf_crime,Robbery054_x264,Train,Robbery,1,198
ucf_crime,Normal_Videos860_x264,Train,NormalVideos,0,107
ucf_crime,Shoplifting040_x264,Train,Shoplifting,1,2721
ucf_crime,RoadAccidents056_x264,Train,RoadAccidents,1,90
ucf_crime,Fighting006_x264,Train,Fighting,1,95
ucf_crime,Normal_Videos685_x264,Train,NormalVideos,0,128
ucf_crime,Normal_Videos623_x264,Train,NormalVideos,0,1123
ucf_crime,Normal_Videos617_x264,Train,NormalVideos,0,293
ucf_crime,RoadAccidents099_x264,Train,RoadAccidents,1,131
ucf_crime,Normal_Videos575_x264,Train,NormalVideos,0,368
ucf_crime,Normal_Videos455_x264,Train,NormalVideos,0,57
ucf_crime,Assault015_x264,Train,Assault,1,149
ucf_crime,Normal_Videos814_x264,Train,NormalVideos,0,272
ucf_crime,Robbery113_x264,Train,Robbery,1,82
ucf_crime,Stealing010_x264,Train,Stealing,1,304
ucf_crime,Normal_Videos738_x264,Train,NormalVideos,0,107
ucf_crime,Normal_Videos562_x264,Train,NormalVideos,0,2708
ucf_crime,Burglary071_x264,Train,Burglary,1,359
ucf_crime,Normal_Videos522_x264,Train,NormalVideos,0,624
ucf_crime,Normal_Videos526_x264,Train,NormalVideos,0,878
ucf_crime,RoadAccidents010_x264,Test,RoadAccidents,1,53
ucf_crime,Normal_Videos379_x264,Train,NormalVideos,0,109
ucf_crime,Normal_Videos826_x264,Train,NormalVideos,0,166
ucf_crime,Normal_Videos807_x264,Train,NormalVideos,0,272
ucf_crime,Normal_Videos457_x264,Train,NormalVideos,0,176
ucf_crime,Normal_Videos487_x264,Train,NormalVideos,0,37
ucf_crime,Normal_Videos219_x264,Train,NormalVideos,0,267
ucf_crime,Shoplifting019_x264,Train,Shoplifting,1,66
ucf_crime,Shooting010_x264,Test,Shooting,1,265
ucf_crime,Robbery094_x264,Train,Robbery,1,374
ucf_crime,Vandalism036_x264,Test,Vandalism,1,145
ucf_crime,Normal_Videos156_x264,Train,NormalVideos,0,75
ucf_crime,Normal_Videos_899_x264,Test,NormalVideos,0,138
ucf_crime,Normal_Videos263_x264,Train,NormalVideos,0,180
ucf_crime,Normal_Videos_034_x264,Test,NormalVideos,0,132
ucf_crime,Normal_Videos402_x264,Train,NormalVideos,0,59
ucf_crime,Stealing004_x264,Train,Stealing,1,666
ucf_crime,Fighting049_x264,Train,Fighting,1,155
ucf_crime,Fighting017_x264,Train,Fighting,1,208
ucf_crime,Normal_Videos082_x264,Train,NormalVideos,0,120
ucf_crime,Stealing092_x264,Train,Stealing,1,1355
ucf_crime,Normal_Videos862_x264,Train,NormalVideos,0,159
ucf_crime,Arson008_x264,Train,Arson,1,122
ucf_crime,Normal_Videos170_x264,Train,NormalVideos,0,109
ucf_crime,Normal_Videos703_x264,Train,NormalVideos,0,226
ucf_crime,Normal_Videos391_x264,Train,NormalVideos,0,487
ucf_crime,RoadAccidents011_x264,Test,RoadAccidents,1,216
ucf_crime,Normal_Videos330_x264,Train,NormalVideos,0,156
ucf_crime,Normal_Videos075_x264,Train,NormalVideos,0,340
ucf_crime,Normal_Videos494_x264,Train,NormalVideos,0,3021
ucf_crime,Normal_Videos829_x264,Train,NormalVideos,0,141
ucf_crime,Normal_Videos728_x264,Train,NormalVideos,0,225
ucf_crime,Fighting005_x264,Train,Fighting,1,179
ucf_crime,Normal_Videos_603_x264,Test,NormalVideos,0,328
ucf_crime,Abuse020_x264,Train,Abuse,1,311
ucf_crime,Stealing014_x264,Train,Stealing,1,337
ucf_crime,Normal_Videos444_x264,Train,NormalVideos,0,86
ucf_crime,Normal_Videos742_x264,Train,NormalVideos,0,120
ucf_crime,Normal_Videos713_x264,Train,NormalVideos,0,7303
ucf_crime,Normal_Videos211_x264,Train,NormalVideos,0,833
ucf_crime,Normal_Videos374_x264,Train,NormalVideos,0,38
ucf_crime,Normal_Videos661_x264,Train,NormalVideos,0,60
ucf_crime,Explosion005_x264,Train,Explosion,1,70
ucf_crime,Robbery069_x264,Train,Robbery,1,69
ucf_crime,Burglary093_x264,Train,Burglary,1,77
ucf_crime,Normal_Videos803_x264,Train,NormalVideos,0,273
ucf_crime,Normal_Videos212_x264,Train,NormalVideos,0,1503
ucf_crime,Fighting027_x264,Train,Fighting,1,386
ucf_crime,Vandalism033_x264,Train,Vandalism,1,227
ucf_crime,Normal_Videos274_x264,Train,NormalVideos,0,902
ucf_crime,Stealing016_x264,Train,Stealing,1,245
ucf_crime,RoadAccidents054_x264,Train,RoadAccidents,1,126
ucf_crime,Normal_Videos497_x264,Train,NormalVideos,0,193
ucf_crime,Shooting009_x264,Train,Shooting,1,517
ucf_crime,Robbery092_x264,Train,Robbery,1,85
ucf_crime,Normal_Videos_070_x264,Test,NormalVideos,0,100
ucf_crime,Normal_Videos612_x264,Train,NormalVideos,0,627
ucf_crime,Abuse047_x264,Train,Abuse,1,157
ucf_crime,Explosion041_x264,Train,Explosion,1,276
ucf_crime,Normal_Videos032_x264,Train,NormalVideos,0,84
ucf_crime,Normal_Videos407_x264,Train,NormalVideos,0,51
ucf_crime,Normal_Videos_831_x264,Test,NormalVideos,0,45
ucf_crime,Vandalism018_x264,Train,Vandalism,1,556
ucf_crime,Normal_Videos_210_x264,Test,NormalVideos,0,541
ucf_crime,Normal_Videos159_x264,Train,NormalVideos,0,108
ucf_crime,Normal_Videos_100_x264,Test,NormalVideos,0,63
ucf_crime,Normal_Videos727_x264,Train,NormalVideos,0,114
ucf_crime,Normal_Videos844_x264,Train,NormalVideos,0,68
ucf_crime,Normal_Videos368_x264,Train,NormalVideos,0,90
ucf_crime,Assault048_x264,Train,Assault,1,181
ucf_crime,Burglary007_x264,Train,Burglary,1,109
ucf_crime,Stealing043_x264,Train,Stealing,1,482
ucf_crime,Normal_Videos169_x264,Train,NormalVideos,0,156
ucf_crime,Normal_Videos255_x264,Train,NormalVideos,0,360
ucf_crime,Burglary094_x264,Train,Burglary,1,145
ucf_crime,Abuse040_x264,Train,Abuse,1,342
ucf_crime,Arrest017_x264,Train,Arrest,1,344
ucf_crime,Normal_Videos085_x264,Train,NormalVideos,0,518
ucf_crime,Normal_Videos795_x264,Train,NormalVideos,0,1329
ucf_crime,Normal_Videos340_x264,Train,NormalVideos,0,268
ucf_crime,Shooting017_x264,Train,Shooting,1,95
ucf_crime,Arrest049_x264,Train,Arrest,1,1180
ucf_crime,Fighting044_x264,Train,Fighting,1,629
ucf_crime,Normal_Videos_018_x264,Test,NormalVideos,0,119
ucf_crime,Normal_Videos467_x264,Train,NormalVideos,0,546
ucf_crime,RoadAccidents016_x264,Test,RoadAccidents,1,220
ucf_crime,Normal_Videos058_x264,Train,NormalVideos,0,99
ucf_crime,Normal_Videos_936_x264,Test,NormalVideos,0,115
ucf_crime,Arson045_x264,Train,Arson,1,376
ucf_crime,Vandalism012_x264,Train,Vandalism,1,85
ucf_crime,Normal_Videos446_x264,Train,NormalVideos,0,48
ucf_crime,Normal_Videos441_x264,Train,NormalVideos,0,157
ucf_crime,Burglary055_x264,Train,Burglary,1,282
ucf_crime,Normal_Videos_937_x264,Test,NormalVideos,0,115
ucf_crime,Normal_Videos_042_x264,Test,NormalVideos,0,316
ucf_crime,Normal_Videos757_x264,Train,NormalVideos,0,100
ucf_crime,Arson003_x264,Train,Arson,1,402
ucf_crime,Burglary089_x264,Train,Burglary,1,336
ucf_crime,Normal_Videos643_x264,Train,NormalVideos,0,358
ucf_crime,Arson042_x264,Train,Arson,1,588
ucf_crime,Normal_Videos731_x264,Train,NormalVideos,0,26
ucf_crime,Arrest014_x264,Train,Arrest,1,154
ucf_crime,Robbery150_x264,Train,Robbery,1,371
ucf_crime,Burglary009_x264,Train,Burglary,1,256
ucf_crime,Normal_Videos645_x264,Train,NormalVideos,0,90
ucf_crime,Normal_Videos_621_x264,Test,NormalVideos,0,481
ucf_crime,Normal_Videos424_x264,Train,NormalVideos,0,716
ucf_crime,Normal_Videos608_x264,Train,NormalVideos,0,895
ucf_crime,Normal_Videos309_x264,Train,NormalVideos,0,900
ucf_crime,Arrest023_x264,Train,Arrest,1,181
ucf_crime,Normal_Videos716_x264,Train,NormalVideos,0,2775
ucf_crime,Stealing036_x264,Test,Stealing,1,251
ucf_crime,Robbery004_x264,Train,Robbery,1,153
ucf_crime,Normal_Videos625_x264,Train,NormalVideos,0,321
ucf_crime,Fighting032_x264,Train,Fighting,1,135
ucf_crime,Normal_Videos_717_x264,Test,NormalVideos,0,126
ucf_crime,Abuse039_x264,Train,Abuse,1,1415
ucf_crime,Arson011_x264,Test,Arson,1,127
ucf_crime,Normal_Videos_129_x264,Test,NormalVideos,0,47
ucf_crime,Normal_Videos364_x264,Train,NormalVideos,0,70
ucf_crime,Shoplifting045_x264,Train,Shoplifting,1,164
ucf_crime,Robbery137_x264,Test,Robbery,1,220
ucf_crime,Normal_Videos533_x264,Train,NormalVideos,0,7933
ucf_crime,RoadAccidents128_x264,Test,RoadAccidents,1,57
ucf_crime,RoadAccidents044_x264,Train,RoadAccidents,1,40
ucf_crime,Robbery073_x264,Train,Robbery,1,751
ucf_crime,Shoplifting022_x264,Test,Shoplifting,1,220
ucf_crime,Stealing094_x264,Train,Stealing,1,390
ucf_crime,Normal_Videos136_x264,Train,NormalVideos,0,10624
ucf_crime,Normal_Videos295_x264,Train,NormalVideos,0,85
ucf_crime,Normal_Videos658_x264,Train,NormalVideos,0,47
ucf_crime,Stealing055_x264,Train,Stealing,1,162
ucf_crime,Normal_Videos124_x264,Train,NormalVideos,0,140
ucf_crime,Normal_Videos198_x264,Train,NormalVideos,0,225
ucf_crime,Normal_Videos627_x264,Train,NormalVideos,0,224
ucf_crime,Normal_Videos271_x264,Train,NormalVideos,0,185
ucf_crime,Arson053_x264,Train,Arson,1,678
ucf_crime,Fighting009_x264,Train,Fighting,1,214
ucf_crime,Arson028_x264,Train,Arson,1,241
ucf_crime,Fighting011_x264,Train,Fighting,1,824
ucf_crime,Normal_Videos605_x264,Train,NormalVideos,0,382
ucf_crime,Arson022_x264,Test,Arson,1,864
ucf_crime,RoadAccidents004_x264,Test,RoadAccidents,1,39
ucf_crime,Arrest051_x264,Train,Arrest,1,1080
ucf_crime,Normal_Videos579_x264,Train,NormalVideos,0,1842
ucf_crime,Burglary065_x264,Train,Burglary,1,938
ucf_crime,Normal_Videos489_x264,Train,NormalVideos,0,412
ucf_crime,Fighting030_x264,Train,Fighting,1,225
ucf_crime,Robbery122_x264,Train,Robbery,1,103
ucf_crime,Robbery017_x264,Train,Robbery,1,436
ucf_crime,Vandalism021_x264,Train,Vandalism,1,137
ucf_crime,Normal_Videos449_x264,Train,NormalVideos,0,10798
ucf_crime,Normal_Videos724_x264,Train,NormalVideos,0,138
ucf_crime,Fighting004_x264,Train,Fighting,1,1678
ucf_crime,Normal_Videos_927_x264,Test,NormalVideos,0,164
ucf_crime,Normal_Videos068_x264,Train,NormalVideos,0,189
ucf_crime,Stealing114_x264,Train,Stealing,1,122
ucf_crime,Normal_Videos216_x264,Train,NormalVideos,0,342
ucf_crime,Normal_Videos631_x264,Train,NormalVideos,0,679
ucf_crime,Burglary075_x264,Train,Burglary,1,1560
ucf_crime,Burglary052_x264,Train,Burglary,1,998
ucf_crime,Shooting032_x264,Test,Shooting,1,2169
ucf_crime,Normal_Videos692_x264,Train,NormalVideos,0,180
ucf_crime,Normal_Videos347_x264,Train,NormalVideos,0,190
ucf_crime,Arrest021_x264,Train,Arrest,1,874
ucf_crime,RoadAccidents046_x264,Train,RoadAccidents,1,67
ucf_crime,Normal_Videos674_x264,Train,NormalVideos,0,561
ucf_crime,Normal_Videos356_x264,Train,NormalVideos,0,64
ucf_crime,Normal_Videos178_x264,Train,NormalVideos,0,103
ucf_crime,Normal_Videos_895_x264,Test,NormalVideos,0,303
ucf_crime,Normal_Videos426_x264,Train,NormalVideos,0,177
ucf_crime,Normal_Videos195_x264,Train,NormalVideos,0,476
ucf_crime,Assault038_x264,Train,Assault,1,14
ucf_crime,RoadAccidents082_x264,Train,RoadAccidents,1,137
ucf_crime,Arson039_x264,Train,Arson,1,338
ucf_crime,Normal_Videos232_x264,Train,NormalVideos,0,150
ucf_crime,RoadAccidents090_x264,Train,RoadAccidents,1,179
ucf_crime,RoadAccidents139_x264,Train,RoadAccidents,1,364
ucf_crime,Robbery116_x264,Train,Robbery,1,45
ucf_crime,RoadAccidents106_x264,Train,RoadAccidents,1,239
ucf_crime,Robbery119_x264,Train,Robbery,1,307
ucf_crime,Normal_Videos_246_x264,Test,NormalVideos,0,500
ucf_crime,Burglary091_x264,Train,Burglary,1,333
ucf_crime,Arrest015_x264,Train,Arrest,1,98
ucf_crime,Normal_Videos774_x264,Train,NormalVideos,0,183
ucf_crime,Shooting034_x264,Test,Shooting,1,141
ucf_crime,Arrest040_x264,Train,Arrest,1,178
ucf_crime,Normal_Videos318_x264,Train,NormalVideos,0,130
ucf_crime,Robbery099_x264,Train,Robbery,1,161
ucf_crime,Stealing022_x264,Train,Stealing,1,246
ucf_crime,RoadAccidents146_x264,Train,RoadAccidents,1,110
ucf_crime,Abuse010_x264,Train,Abuse,1,114
ucf_crime,Normal_Videos359_x264,Train,NormalVideos,0,91
ucf_crime,Vandalism027_x264,Train,Vandalism,1,71
ucf_crime,Normal_Videos172_x264,Train,NormalVideos,0,1186
ucf_crime,Normal_Videos799_x264,Train,NormalVideos,0,367
ucf_crime,Arson029_x264,Train,Arson,1,135
ucf_crime,Normal_Videos524_x264,Train,NormalVideos,0,1005
ucf_crime,Normal_Videos102_x264,Train,NormalVideos,0,103
ucf_crime,Robbery079_x264,Train,Robbery,1,75
ucf_crime,Normal_Videos_934_x264,Test,NormalVideos,0,177
ucf_crime,Explosion032_x264,Train,Explosion,1,212
ucf_crime,Burglary083_x264,Train,Burglary,1,588
ucf_crime,Normal_Videos176_x264,Train,NormalVideos,0,570
ucf_crime,Arrest007_x264,Test,Arrest,1,315
ucf_crime,Normal_Videos790_x264,Train,NormalVideos,0,121
ucf_crime,Normal_Videos816_x264,Train,NormalVideos,0,272
ucf_crime,Normal_Videos515_x264,Train,NormalVideos,0,877
ucf_crime,Normal_Videos341_x264,Train,NormalVideos,0,89
ucf_crime,Normal_Videos690_x264,Train,NormalVideos,0,62
ucf_crime,Normal_Videos104_x264,Train,NormalVideos,0,69
ucf_crime,Normal_Videos372_x264,Train,NormalVideos,0,66
ucf_crime,Burglary076_x264,Test,Burglary,1,1293
ucf_crime,Stealing097_x264,Train,Stealing,1,115
ucf_crime,Arrest024_x264,Test,Arrest,1,363
ucf_crime,Normal_Videos_868_x264,Test,NormalVideos,0,241
ucf_crime,Fighting024_x264,Train,Fighting,1,655
ucf_crime,Normal_Videos037_x264,Train,NormalVideos,0,45
ucf_crime,Normal_Videos_780_x264,Test,NormalVideos,0,203
ucf_crime,Stealing006_x264,Train,Stealing,1,323
ucf_crime,Normal_Videos568_x264,Train,NormalVideos,0,708
ucf_crime,Robbery060_x264,Train,Robbery,1,211
ucf_crime,Vandalism030_x264,Train,Vandalism,1,144
ucf_crime,Normal_Videos123_x264,Train,NormalVideos,0,2217
ucf_crime,Normal_Videos493_x264,Train,NormalVideos,0,92
ucf_crime,RoadAccidents122_x264,Test,RoadAccidents,1,65
ucf_crime,Stealing028_x264,Train,Stealing,1,177
ucf_crime,Normal_Videos_024_x264,Test,NormalVideos,0,108
ucf_crime,Normal_Videos167_x264,Train,NormalVideos,0,158
ucf_crime,Normal_Videos647_x264,Train,NormalVideos,0,234
ucf_crime,Arrest034_x264,Train,Arrest,1,1162
ucf_crime,Normal_Videos045_x264,Train,NormalVideos,0,155
ucf_crime,Normal_Videos854_x264,Train,NormalVideos,0,1803
ucf_crime,Fighting047_x264,Test,Fighting,1,446
ucf_crime,RoadAccidents009_x264,Test,RoadAccidents,1,92
ucf_crime,Fighting046_x264,Train,Fighting,1,300
ucf_crime,RoadAccidents140_x264,Train,RoadAccidents,1,198
ucf_crime,Normal_Videos_912_x264,Test,NormalVideos,0,75
ucf_crime,Burglary095_x264,Train,Burglary,1,4066
ucf_crime,Burglary080_x264,Train,Burglary,1,116
ucf_crime,Burglary022_x264,Train,Burglary,1,284
ucf_crime,Robbery140_x264,Train,Robbery,1,107
ucf_crime,Normal_Videos919_x264,Train,NormalVideos,0,37
ucf_crime,Normal_Videos_869_x264,Test,NormalVideos,0,241
ucf_crime,Normal_Videos809_x264,Train,NormalVideos,0,272
ucf_crime,Normal_Videos773_x264,Train,NormalVideos,0,308
ucf_crime,Robbery118_x264,Train,Robbery,1,196
ucf_crime,RoadAccidents055_x264,Train,RoadAccidents,1,84
ucf_crime,Robbery142_x264,Train,Robbery,1,251
ucf_crime,Normal_Videos635_x264,Train,NormalVideos,0,113
ucf_crime,Shooting015_x264,Test,Shooting,1,172
ucf_crime,Normal_Videos367_x264,Train,NormalVideos,0,470
ucf_crime,Normal_Videos794_x264,Train,NormalVideos,0,453
ucf_crime,Arrest010_x264,Train,Arrest,1,263
ucf_crime,Normal_Videos652_x264,Train,NormalVideos,0,330
ucf_crime,Stealing062_x264,Test,Stealing,1,156
ucf_crime,Robbery002_x264,Train,Robbery,1,321
ucf_crime,Normal_Videos_014_x264,Test,NormalVideos,0,150
ucf_crime,Normal_Videos004_x264,Train,NormalVideos,0,92
ucf_crime,Fighting026_x264,Train,Fighting,1,351
ucf_crime,Vandalism015_x264,Test,Vandalism,1,299
ucf_crime,Arrest006_x264,Train,Arrest,1,309
ucf_crime,Robbery072_x264,Train,Robbery,1,140
ucf_crime,Shooting011_x264,Test,Shooting,1,401
ucf_crime,Normal_Videos013_x264,Train,NormalVideos,0,122
ucf_crime,Arrest008_x264,Train,Arrest,1,639
ucf_crime,Normal_Videos512_x264,Train,NormalVideos,0,3693
ucf_crime,Normal_Videos110_x264,Train,NormalVideos,0,314
ucf_crime,Normal_Videos_876_x264,Test,NormalVideos,0,36
ucf_crime,Robbery102_x264,Test,Robbery,1,183
ucf_crime,Normal_Videos_801_x264,Test,NormalVideos,0,275
ucf_crime,Normal_Videos642_x264,Train,NormalVideos,0,5826
ucf_crime,Normal_Videos749_x264,Train,NormalVideos,0,95
ucf_crime,Stealing079_x264,Test,Stealing,1,585
ucf_crime,Normal_Videos399_x264,Train,NormalVideos,0,341
ucf_crime,Explosion035_x264,Test,Explosion,1,287
ucf_crime,Shooting036_x264,Train,Shooting,1,383
ucf_crime,Normal_Videos130_x264,Train,NormalVideos,0,1200
ucf_crime,RoadAccidents034_x264,Train,RoadAccidents,1,174
ucf_crime,Normal_Videos363_x264,Train,NormalVideos,0,481
ucf_crime,Shoplifting044_x264,Test,Shoplifting,1,1456
ucf_crime,Vandalism031_x264,Train,Vandalism,1,180
ucf_crime,Robbery124_x264,Train,Robbery,1,956
ucf_crime,RoadAccidents070_x264,Train,RoadAccidents,1,62
ucf_crime,Assault006_x264,Test,Assault,1,810
ucf_crime,Vandalism032_x264,Train,Vandalism,1,68
ucf_crime,Normal_Videos505_x264,Train,NormalVideos,0,56
ucf_crime,Robbery044_x264,Train,Robbery,1,47
ucf_crime,Explosion022_x264,Test,Explosion,1,360
ucf_crime,RoadAccidents051_x264,Train,RoadAccidents,1,41
ucf_crime,Burglary015_x264,Train,Burglary,1,113
ucf_crime,RoadAccidents133_x264,Test,RoadAccidents,1,68
ucf_crime,Arrest041_x264,Train,Arrest,1,385
ucf_crime,Normal_Videos227_x264,Train,NormalVideos,0,166
ucf_crime,Burglary047_x264,Train,Burglary,1,276
ucf_crime,Normal_Videos538_x264,Train,NormalVideos,0,102
ucf_crime,Fighting023_x264,Train,Fighting,1,103
ucf_crime,Burglary063_x264,Train,Burglary,1,425
ucf_crime,Abuse032_x264,Train,Abuse,1,475
ucf_crime,Normal_Videos_641_x264,Test,NormalVideos,0,360
ucf_crime,Normal_Videos355_x264,Train,NormalVideos,0,89
ucf_crime,Fighting039_x264,Train,Fighting,1,683
ucf_crime,Stealing017_x264,Train,Stealing,1,189
ucf_crime,Normal_Videos_828_x264,Test,NormalVideos,0,93
ucf_crime,Normal_Videos320_x264,Train,NormalVideos,0,102
ucf_crime,Normal_Videos388_x264,Train,NormalVideos,0,431
ucf_crime,Abuse049_x264,Train,Abuse,1,214
ucf_crime,Normal_Videos830_x264,Train,NormalVideos,0,282
ucf_crime,Robbery108_x264,Train,Robbery,1,144
ucf_crime,Fighting020_x264,Train,Fighting,1,221
ucf_crime,Abuse016_x264,Train,Abuse,1,141
ucf_crime,Normal_Videos313_x264,Train,NormalVideos,0,131
ucf_crime,Assault023_x264,Train,Assault,1,102
ucf_crime,Stealing100_x264,Train,Stealing,1,1536
ucf_crime,Robbery144_x264,Train,Robbery,1,81
ucf_crime,Normal_Videos545_x264,Train,NormalVideos,0,872
ucf_crime,Normal_Videos580_x264,Train,NormalVideos,0,360
ucf_crime,RoadAccidents085_x264,Train,RoadAccidents,1,445
ucf_crime,Stealing027_x264,Train,Stealing,1,191
ucf_crime,Burglary006_x264,Train,Burglary,1,894
ucf_crime,Arrest005_x264,Train,Arrest,1,369
ucf_crime,Normal_Videos705_x264,Train,NormalVideos,0,29
ucf_crime,Normal_Videos268_x264,Train,NormalVideos,0,197
ucf_crime,Stealing011_x264,Train,Stealing,1,372
ucf_crime,Normal_Videos146_x264,Train,NormalVideos,0,82
ucf_crime,Normal_Videos821_x264,Train,NormalVideos,0,259
ucf_crime,Normal_Videos540_x264,Train,NormalVideos,0,8763
ucf_crime,Normal_Videos173_x264,Train,NormalVideos,0,60
ucf_crime,Stealing045_x264,Train,Stealing,1,1067
ucf_crime,Assault041_x264,Train,Assault,1,503
ucf_crime,Normal_Videos179_x264,Train,NormalVideos,0,501
ucf_crime,Stealing015_x264,Train,Stealing,1,180
ucf_crime,Normal_Videos093_x264,Train,NormalVideos,0,174
ucf_crime,Fighting033_x264,Test,Fighting,1,111
ucf_crime,Abuse012_x264,Train,Abuse,1,513
ucf_crime,Normal_Videos473_x264,Train,NormalVideos,0,6693
ucf_crime,Normal_Videos_417_x264,Test,NormalVideos,0,108
ucf_crime,Burglary069_x264,Train,Burglary,1,211
ucf_crime,RoadAccidents013_x264,Train,RoadAccidents,1,173
ucf_crime,Normal_Videos348_x264,Train,NormalVideos,0,141
ucf_crime,Normal_Videos357_x264,Train,NormalVideos,0,180
ucf_crime,Normal_Videos551_x264,Train,NormalVideos,0,5400
ucf_crime,Vandalism011_x264,Train,Vandalism,1,1245
ucf_crime,RoadAccidents025_x264,Train,RoadAccidents,1,119
ucf_crime,Normal_Videos_911_x264,Test,NormalVideos,0,78
ucf_crime,Normal_Videos468_x264,Train,NormalVideos,0,80
ucf_crime,Normal_Videos073_x264,Train,NormalVideos,0,163
ucf_crime,Robbery135_x264,Train,Robbery,1,329
ucf_crime,Normal_Videos766_x264,Train,NormalVideos,0,40
ucf_crime,Burglary035_x264,Test,Burglary,1,405
ucf_crime,Normal_Videos_943_x264,Test,NormalVideos,0,102
ucf_crime,Normal_Videos648_x264,Train,NormalVideos,0,89
ucf_crime,Abuse033_x264,Train,Abuse,1,284
ucf_crime,Normal_Videos857_x264,Train,NormalVideos,0,71
ucf_crime,Normal_Videos_782_x264,Test,NormalVideos,0,555
ucf_crime,Arson019_x264,Train,Arson,1,12656
ucf_crime,Normal_Videos236_x264,Train,NormalVideos,0,338
ucf_crime,Shoplifting039_x264,Test,Shoplifting,1,281
ucf_crime,Normal_Videos237_x264,Train,NormalVideos,0,173
ucf_crime,Arson032_x264,Train,Arson,1,279
ucf_crime,Robbery147_x264,Train,Robbery,1,88
ucf_crime,Assault030_x264,Train,Assault,1,177
ucf_crime,Normal_Videos148_x264,Train,NormalVideos,0,63
ucf_crime,Stealing018_x264,Train,Stealing,1,206
ucf_crime,Stealing007_x264,Train,Stealing,1,309
ucf_crime,Normal_Videos_886_x264,Test,NormalVideos,0,275
ucf_crime,Normal_Videos191_x264,Train,NormalVideos,0,360
ucf_crime,Normal_Videos_939_x264,Test,NormalVideos,0,81
ucf_crime,Normal_Videos569_x264,Train,NormalVideos,0,292
ucf_crime,Normal_Videos791_x264,Train,NormalVideos,0,360
ucf_crime,Stealing088_x264,Train,Stealing,1,1286
ucf_crime,Stealing049_x264,Train,Stealing,1,148
ucf_crime,Fighting003_x264,Test,Fighting,1,311
ucf_crime,Arson044_x264,Train,Arson,1,120
ucf_crime,Fighting042_x264,Test,Fighting,1,224
ucf_crime,Normal_Videos663_x264,Train,NormalVideos,0,83
ucf_crime,RoadAccidents105_x264,Train,RoadAccidents,1,216
ucf_crime,Arson015_x264,Train,Arson,1,1023
ucf_crime,Normal_Videos429_x264,Train,NormalVideos,0,344
ucf_crime,Robbery123_x264,Train,Robbery,1,109
ucf_crime,Abuse046_x264,Train,Abuse,1,116
ucf_crime,Shooting026_x264,Test,Shooting,1,141
ucf_crime,Normal_Videos771_x264,Train,NormalVideos,0,247
ucf_crime,Normal_Videos_940_x264,Test,NormalVideos,0,3602
ucf_crime,Normal_Videos_872_x264,Test,NormalVideos,0,53
ucf_crime,RoadAccidents065_x264,Train,RoadAccidents,1,12
ucf_crime,Fighting048_x264,Train,Fighting,1,689
ucf_crime,Normal_Videos007_x264,Train,NormalVideos,0,99
ucf_crime,Normal_Videos486_x264,Train,NormalVideos,0,271
ucf_crime,Explosion010_x264,Test,Explosion,1,250
ucf_crime,RoadAccidents083_x264,Train,RoadAccidents,1,120
ucf_crime,RoadAccidents097_x264,Train,RoadAccidents,1,382
ucf_crime,Abuse025_x264,Train,Abuse,1,204
ucf_crime,Burglary025_x264,Train,Burglary,1,622
ucf_crime,Arrest043_x264,Train,Arrest,1,1080
ucf_crime,Normal_Videos_929_x264,Test,NormalVideos,0,93
ucf_crime,Arson037_x264,Train,Arson,1,81
ucf_crime,Normal_Videos256_x264,Train,NormalVideos,0,190
ucf_crime,Normal_Videos141_x264,Train,NormalVideos,0,1230
ucf_crime,Normal_Videos502_x264,Train,NormalVideos,0,91
ucf_crime,Stealing030_x264,Train,Stealing,1,85
ucf_crime,Stealing083_x264,Train,Stealing,1,451
ucf_crime,Explosion033_x264,Test,Explosion,1,316
ucf_crime,Normal_Videos303_x264,Train,NormalVideos,0,535
ucf_crime,Vandalism023_x264,Train,Vandalism,1,631
ucf_crime,Normal_Videos_931_x264,Test,NormalVideos,0,177
ucf_crime,Stealing060_x264,Train,Stealing,1,152
ucf_crime,Normal_Videos_888_x264,Test,NormalVideos,0,58
ucf_crime,RoadAccidents132_x264,Test,RoadAccidents,1,187
ucf_crime,Normal_Videos269_x264,Train,NormalVideos,0,30
ucf_crime,Normal_Videos_870_x264,Test,NormalVideos,0,61
ucf_crime,Robbery117_x264,Train,Robbery,1,336
ucf_crime,Normal_Videos002_x264,Train,NormalVideos,0,167
ucf_crime,Robbery041_x264,Train,Robbery,1,137
ucf_crime,Normal_Videos385_x264,Train,NormalVideos,0,227
ucf_crime,Explosion008_x264,Test,Explosion,1,175
ucf_crime,RoadAccidents145_x264,Train,RoadAccidents,1,117
ucf_crime,RoadAccidents148_x264,Train,RoadAccidents,1,1806
ucf_crime,Normal_Videos338_x264,Train,NormalVideos,0,96
ucf_crime,Normal_Videos581_x264,Train,NormalVideos,0,269
ucf_crime,Burglary073_x264,Train,Burglary,1,277
ucf_crime,Stealing074_x264,Train,Stealing,1,240
ucf_crime,Normal_Videos378_x264,Train,NormalVideos,0,47
ucf_crime,Burglary033_x264,Test,Burglary,1,126
ucf_crime,Burglary077_x264,Train,Burglary,1,191
ucf_crime,Stealing047_x264,Train,Stealing,1,136
ucf_crime,Vandalism016_x264,Train,Vandalism,1,581
ucf_crime,Normal_Videos397_x264,Train,NormalVideos,0,6049
ucf_crime,Normal_Videos_312_x264,Test,NormalVideos,0,127
ucf_crime,Shoplifting051_x264,Train,Shoplifting,1,722
ucf_crime,Normal_Videos789_x264,Train,NormalVideos,0,569
ucf_crime,Normal_Videos_924_x264,Test,NormalVideos,0,10800
ucf_crime,Normal_Videos277_x264,Train,NormalVideos,0,2432
ucf_crime,Burglary031_x264,Train,Burglary,1,626
ucf_crime,Normal_Videos599_x264,Train,NormalVideos,0,238
ucf_crime,Normal_Videos525_x264,Train,NormalVideos,0,3240
ucf_crime,Burglary020_x264,Train,Burglary,1,331
ucf_crime,Fighting014_x264,Train,Fighting,1,471
ucf_crime,Abuse035_x264,Train,Abuse,1,266
ucf_crime,Shoplifting041_x264,Train,Shoplifting,1,1234
ucf_crime,Normal_Videos120_x264,Train,NormalVideos,0,149
ucf_crime,Normal_Videos534_x264,Train,NormalVideos,0,3887
ucf_crime,RoadAccidents093_x264,Train,RoadAccidents,1,180
ucf_crime,Normal_Videos619_x264,Train,NormalVideos,0,897
ucf_crime,Shoplifting037_x264,Test,Shoplifting,1,139
ucf_crime,Normal_Videos057_x264,Train,NormalVideos,0,379
ucf_crime,Normal_Videos125_x264,Train,NormalVideos,0,313
ucf_crime,Normal_Videos331_x264,Train,NormalVideos,0,10790
ucf_crime,Normal_Videos666_x264,Train,NormalVideos,0,10798
ucf_crime,Normal_Videos064_x264,Train,NormalVideos,0,234
ucf_crime,Normal_Videos316_x264,Train,NormalVideos,0,129
ucf_crime,RoadAccidents123_x264,Test,RoadAccidents,1,101
ucf_crime,Fighting013_x264,Train,Fighting,1,144
ucf_crime,Normal_Videos_935_x264,Test,NormalVideos,0,10800
ucf_crime,Shooting050_x264,Train,Shooting,1,383
ucf_crime,RoadAccidents048_x264,Train,RoadAccidents,1,243
ucf_crime,Normal_Videos691_x264,Train,NormalVideos,0,1570
ucf_crime,Normal_Videos582_x264,Train,NormalVideos,0,425
ucf_crime,Normal_Videos_015_x264,Test,NormalVideos,0,48
ucf_crime,Burglary042_x264,Train,Burglary,1,424
ucf_crime,RoadAccidents126_x264,Train,RoadAccidents,1,122
ucf_crime,Normal_Videos030_x264,Train,NormalVideos,0,443
ucf_crime,Normal_Videos832_x264,Train,NormalVideos,0,1416
ucf_crime,Normal_Videos655_x264,Train,NormalVideos,0,738
ucf_crime,Abuse023_x264,Train,Abuse,1,100
ucf_crime,Normal_Videos097_x264,Train,NormalVideos,0,475
ucf_crime,Shoplifting032_x264,Train,Shoplifting,1,143
ucf_crime,Burglary045_x264,Train,Burglary,1,1096
ucf_crime,Stealing101_x264,Train,Stealing,1,255
ucf_crime,Normal_Videos687_x264,Train,NormalVideos,0,3787
ucf_crime,Normal_Videos694_x264,Train,NormalVideos,0,2198
ucf_crime,Normal_Videos689_x264,Train,NormalVideos,0,3190
ucf_crime,Stealing002_x264,Train,Stealing,1,352
ucf_crime,Burglary004_x264,Train,Burglary,1,179
ucf_crime,Normal_Videos105_x264,Train,NormalVideos,0,72
ucf_crime,Shooting046_x264,Test,Shooting,1,509
ucf_crime,Robbery034_x264,Train,Robbery,1,634
ucf_crime,Normal_Videos273_x264,Train,NormalVideos,0,382
ucf_crime,Vandalism050_x264,Train,Vandalism,1,90
ucf_crime,Normal_Videos_317_x264,Test,NormalVideos,0,93
ucf_crime,Normal_Videos_033_x264,Test,NormalVideos,0,168
ucf_crime,Normal_Videos848_x264,Train,NormalVideos,0,253
ucf_crime,Normal_Videos278_x264,Train,NormalVideos,0,194
ucf_crime,Normal_Videos422_x264,Train,NormalVideos,0,160
ucf_crime,Arson009_x264,Test,Arson,1,75
ucf_crime,Normal_Videos_866_x264,Test,NormalVideos,0,120
ucf_crime,Robbery030_x264,Train,Robbery,1,298
ucf_crime,Shoplifting026_x264,Train,Shoplifting,1,141
ucf_crime,RoadAccidents094_x264,Train,RoadAccidents,1,181
ucf_crime,Vandalism009_x264,Train,Vandalism,1,133
ucf_crime,Shooting052_x264,Train,Shooting,1,557
ucf_crime,Normal_Videos513_x264,Train,NormalVideos,0,72
ucf_crime,Normal_Videos762_x264,Train,NormalVideos,0,2237
ucf_crime,Burglary100_x264,Train,Burglary,1,741
ucf_crime,Normal_Videos053_x264,Train,NormalVideos,0,40
ucf_crime,RoadAccidents120_x264,Train,RoadAccidents,1,184
ucf_crime,Stealing013_x264,Train,Stealing,1,926
ucf_crime,Robbery096_x264,Train,Robbery,1,404
ucf_crime,Normal_Videos220_x264,Train,NormalVideos,0,274
ucf_crime,Robbery125_x264,Train,Robbery,1,709
ucf_crime,Stealing087_x264,Train,Stealing,1,494
ucf_crime,Normal_Videos818_x264,Train,NormalVideos,0,66
ucf_crime,Stealing071_x264,Train,Stealing,1,97
ucf_crime,RoadAccidents150_x264,Train,RoadAccidents,1,150
ucf_crime,Normal_Videos561_x264,Train,NormalVideos,0,2137
ucf_crime,Normal_Videos066_x264,Train,NormalVideos,0,101
ucf_crime,Normal_Videos_478_x264,Test,NormalVideos,0,451
ucf_crime,Normal_Videos859_x264,Train,NormalVideos,0,73
ucf_crime,Normal_Videos410_x264,Train,NormalVideos,0,399
ucf_crime,Abuse013_x264,Train,Abuse,1,487
ucf_crime,Normal_Videos126_x264,Train,NormalVideos,0,281
ucf_crime,Robbery129_x264,Train,Robbery,1,225
ucf_crime,Normal_Videos861_x264,Train,NormalVideos,0,144
ucf_crime,Normal_Videos776_x264,Train,NormalVideos,0,821
ucf_crime,Robbery131_x264,Train,Robbery,1,152
ucf_crime,Stealing050_x264,Train,Stealing,1,335
ucf_crime,Burglary013_x264,Train,Burglary,1,224
ucf_crime,Normal_Videos293_x264,Train,NormalVideos,0,50
ucf_crime,Abuse029_x264,Train,Abuse,1,30
ucf_crime,Normal_Videos_941_x264,Test,NormalVideos,0,202
ucf_crime,Abuse008_x264,Train,Abuse,1,841
ucf_crime,Normal_Videos445_x264,Train,NormalVideos,0,213
ucf_crime,Explosion038_x264,Train,Explosion,1,271
ucf_crime,Normal_Videos096_x264,Train,NormalVideos,0,78
ucf_crime,Normal_Videos193_x264,Train,NormalVideos,0,357
ucf_crime,Assault007_x264,Train,Assault,1,196
ucf_crime,Normal_Videos946_x264,Train,NormalVideos,0,23504
ucf_crime,Burglary011_x264,Train,Burglary,1,197
ucf_crime,Normal_Videos557_x264,Train,NormalVideos,0,1841
ucf_crime,Normal_Videos325_x264,Train,NormalVideos,0,164
ucf_crime,Normal_Videos706_x264,Train,NormalVideos,0,91
ucf_crime,Arson006_x264,Train,Arson,1,282
ucf_crime,Normal_Videos570_x264,Train,NormalVideos,0,85
ucf_crime,Explosion025_x264,Test,Explosion,1,51
ucf_crime,Normal_Videos808_x264,Train,NormalVideos,0,272
ucf_crime,Burglary090_x264,Train,Burglary,1,277
ucf_crime,Stealing067_x264,Train,Stealing,1,210
ucf_crime,Normal_Videos147_x264,Train,NormalVideos,0,51
ucf_crime,Stealing089_x264,Train,Stealing,1,1295
ucf_crime,Robbery003_x264,Train,Robbery,1,99
ucf_crime,Normal_Videos046_x264,Train,NormalVideos,0,2696
ucf_crime,Arrest003_x264,Train,Arrest,1,306
ucf_crime,Burglary078_x264,Train,Burglary,1,30
ucf_crime,Normal_Videos267_x264,Train,NormalVideos,0,328
ucf_crime,Robbery059_x264,Train,Robbery,1,966
ucf_crime,Stealing111_x264,Train,Stealing,1,472
ucf_crime,RoadAccidents003_x264,Train,RoadAccidents,1,149
ucf_crime,Normal_Videos_932_x264,Test,NormalVideos,0,179
ucf_crime,Fighting050_x264,Train,Fighting,1,2627
ucf_crime,Normal_Videos152_x264,Train,NormalVideos,0,801
ucf_crime,RoadAccidents127_x264,Test,RoadAccidents,1,258
ucf_crime,Normal_Videos531_x264,Train,NormalVideos,0,558
ucf_crime,Normal_Videos837_x264,Train,NormalVideos,0,368
ucf_crime,Shooting029_x264,Train,Shooting,1,137
ucf_crime,Robbery056_x264,Train,Robbery,1,277
ucf_crime,Shoplifting014_x264,Train,Shoplifting,1,6670
ucf_crime,Shoplifting029_x264,Test,Shoplifting,1,218
ucf_crime,RoadAccidents042_x264,Train,RoadAccidents,1,92
ucf_crime,Robbery012_x264,Train,Robbery,1,75
ucf_crime,Explosion039_x264,Test,Explosion,1,100
